Savg_r,Smax_r,Navg_r,Nmax_r,Favg_r,Fmax_r,Ravg_r,Rmax_r,Tavg_r,Tmax_r
1.19,1.69,18.6,31.5,0.0319,0.136,0.0349,0.0993,0.651,2.44
1.27,1.77,19.5,29.2,0.0267,0.114,0.036,0.0909,0.485,3.15
1.24,1.86,11.2,19.8,0.0294,0.109,0.0233,0.0607,0.264,1.53
1.52,1.93,11.8,21.9,0.0155,0.095,0.0249,0.181,0.0753,0.979
1.24,1.57,8.18,15.2,0.0384,0.0806,0.0224,0.0471,0.267,1.73
1.24,1.4,16.0,24.0,0.0453,0.108,0.0382,0.104,0.387,1.47
1.53,3.57,23.2,56.9,0.0743,0.243,0.0542,0.536,1.31,4.53
1.34,1.66,16.7,22.3,0.0248,0.11,0.0332,0.0977,0.16,1.11
1.72,1.96,19.4,25.1,0.0126,0.108,0.0267,0.0528,0.08,0.525
1.79,2.25,17.2,27.2,0.0339,0.105,0.021,0.0603,0.769,3.33
1.51,2.01,18.8,25.2,0.012,0.121,0.0311,0.0698,0.0922,0.859
1.75,1.91,21.2,26.1,0.013,0.119,0.0302,0.0625,0.0645,0.714
1.23,1.79,15.0,19.3,0.0309,0.11,0.0303,0.0613,0.15,0.797
1.64,2.21,9.03,16.1,0.00998,0.0815,0.021,0.0462,0.204,1.62
1.34,1.66,20.8,33.9,0.0745,0.192,0.0298,0.0873,1.19,4.47
1.79,2.33,15.5,20.5,0.00965,0.0926,0.023,0.042,0.1,0.659
1.37,1.97,30.9,49.8,0.0328,0.11,0.0378,0.122,1.37,3.9
1.29,1.97,20.8,48.0,0.0383,0.138,0.0369,0.0899,0.351,4.36
1.22,1.73,8.76,13.0,0.0106,0.0858,0.0225,0.0492,0.285,1.61
1.77,2.04,16.9,25.3,0.0216,0.0697,0.021,0.0603,0.733,3.32
1.21,1.66,14.7,19.5,0.0231,0.121,0.0307,0.0782,0.147,0.921
1.22,1.59,17.1,24.6,0.0312,0.111,0.0377,0.089,0.321,1.4
1.37,1.97,30.9,49.8,0.0328,0.11,0.0378,0.122,1.37,3.9
1.37,1.97,30.9,49.8,0.0328,0.11,0.0378,0.122,1.37,3.9
1.32,1.76,21.4,38.4,0.0325,0.123,0.0323,0.111,0.442,2.32
1.08,1.56,19.1,29.8,0.0988,0.168,0.0445,0.152,0.719,2.34
1.24,2.19,18.5,36.1,0.0714,0.179,0.04,0.163,0.581,2.12
1.37,1.97,30.9,49.8,0.0328,0.11,0.0378,0.122,1.37,3.9
1.14,1.39,29.4,41.6,0.0189,0.146,0.0462,0.108,0.437,2.23
1.51,1.85,20.4,29.2,0.0162,0.0956,0.0294,0.0907,0.463,2.96
1.41,1.87,23.5,31.2,0.0229,0.131,0.0371,0.0801,0.62,2.6
1.56,1.93,16.9,31.7,0.0206,0.131,0.0261,0.0621,0.327,1.84
1.09,1.54,13.7,25.1,0.0513,0.132,0.0376,0.0942,0.343,1.55
1.33,1.97,22.2,30.8,0.0654,0.129,0.0392,0.12,0.547,2.17
1.31,2.17,10.3,18.7,0.0623,0.199,0.0273,0.0698,0.205,1.48
1.24,1.73,16.3,20.3,0.0263,0.112,0.0314,0.0611,0.103,0.622
1.45,1.69,15.9,20.4,0.0172,0.117,0.0288,0.068,0.119,0.808
1.18,2.33,20.9,42.2,0.0907,0.234,0.0443,0.153,0.719,2.31
1.61,1.96,24.0,34.5,0.0394,0.125,0.0386,0.111,0.304,1.72
1.27,1.85,17.2,38.8,0.0302,0.118,0.0433,0.221,0.343,2.11
1.37,1.97,30.9,49.8,0.0328,0.11,0.0378,0.122,1.37,3.9
1.56,2.03,11.0,21.9,0.0168,0.0933,0.0244,0.185,0.085,0.981
1.4,1.93,15.7,24.5,0.0283,0.113,0.0279,0.0588,0.252,1.69
1.08,1.56,19.1,29.8,0.0988,0.168,0.0445,0.152,0.719,2.34
1.68,1.82,15.5,19.7,0.0131,0.11,0.0294,0.054,0.022,0.171
1.6,2.54,4.28,9.69,0.027,0.1,0.0129,0.0567,0.0944,1.16
1.11,1.54,9.0,19.2,0.0124,0.109,0.0268,0.0603,0.0702,0.559
1.37,1.97,30.9,49.8,0.0328,0.11,0.0378,0.122,1.37,3.9
1.37,1.97,30.9,49.8,0.0328,0.11,0.0378,0.122,1.37,3.9
1.2,1.41,22.0,33.1,0.0369,0.124,0.0422,0.12,0.455,1.79
1.37,1.97,30.9,49.8,0.0328,0.11,0.0378,0.122,1.37,3.9
1.29,1.59,8.46,12.3,0.0205,0.0827,0.0216,0.0568,0.346,1.4
1.79,1.97,27.0,33.5,0.0121,0.12,0.0308,0.0647,0.117,1.1
1.26,1.78,10.1,16.6,0.0169,0.0828,0.0228,0.0576,0.29,1.47
1.29,1.6,20.9,29.1,0.0165,0.148,0.0343,0.0711,0.171,1.33
1.2,1.55,16.6,25.6,0.0189,0.118,0.0365,0.115,0.168,1.58
1.29,1.57,20.3,27.5,0.0129,0.122,0.0374,0.0831,0.15,0.993
1.2,1.73,20.4,34.8,0.0407,0.142,0.0396,0.118,0.179,1.19
1.37,1.97,30.9,49.8,0.0328,0.11,0.0378,0.122,1.37,3.9
1.55,1.73,19.6,25.4,0.0177,0.117,0.0291,0.0653,0.24,1.87
1.37,1.97,30.9,49.8,0.0328,0.11,0.0378,0.122,1.37,3.9
1.86,2.18,9.9,14.2,0.0118,0.0849,0.0224,0.192,0.0267,0.512
1.34,1.8,20.9,30.7,0.0832,0.149,0.0427,0.124,0.618,2.11
1.08,1.56,19.1,29.8,0.0988,0.168,0.0445,0.152,0.719,2.34
1.45,1.8,27.0,45.3,0.0248,0.146,0.0417,0.116,0.234,1.71
1.37,1.97,30.9,49.8,0.0328,0.11,0.0378,0.122,1.37,3.9
1.25,2.01,19.1,39.2,0.0712,0.177,0.038,0.15,1.03,3.66
1.14,1.63,17.4,31.4,0.0739,0.193,0.0412,0.171,0.529,2.12
1.44,1.68,28.0,36.4,0.0328,0.155,0.0428,0.0999,0.346,1.68
1.6,2.54,4.28,9.69,0.027,0.1,0.0129,0.0567,0.0944,1.16
1.06,1.4,11.9,20.5,0.013,0.101,0.0327,0.0649,0.133,1.13
1.73,2.29,21.6,33.7,0.0487,0.161,0.034,0.122,0.385,1.77
1.5,2.05,27.6,45.1,0.0214,0.122,0.0343,0.0728,0.218,1.51
2.52,3.28,10.5,17.0,0.0312,0.17,0.065,0.129,0.247,0.914
1.37,1.97,30.9,49.8,0.0328,0.11,0.0378,0.122,1.37,3.9
1.08,1.56,19.1,29.8,0.0988,0.168,0.0445,0.152,0.719,2.34
1.37,1.97,30.9,49.8,0.0328,0.11,0.0378,0.122,1.37,3.9
1.37,1.97,30.9,49.8,0.0328,0.11,0.0378,0.122,1.37,3.9
1.36,2.18,9.68,16.7,0.0215,0.0839,0.0269,0.247,0.309,1.6
1.55,2.5,21.6,39.4,0.0195,0.0814,0.0316,0.0907,0.453,2.96
1.37,1.97,30.9,49.8,0.0328,0.11,0.0378,0.122,1.37,3.9
1.31,1.71,14.5,21.5,0.0327,0.108,0.0307,0.13,0.227,1.35
1.37,1.97,30.9,49.8,0.0328,0.11,0.0378,0.122,1.37,3.9
1.43,1.8,16.2,19.8,0.0242,0.11,0.0292,0.059,0.12,0.685
1.8,2.33,15.9,20.5,0.0227,0.0813,0.0228,0.0488,0.199,1.53
1.37,1.97,30.9,49.8,0.0328,0.11,0.0378,0.122,1.37,3.9
1.37,1.97,30.9,49.8,0.0328,0.11,0.0378,0.122,1.37,3.9
1.37,1.97,30.9,49.8,0.0328,0.11,0.0378,0.122,1.37,3.9
1.35,1.52,7.87,15.2,0.00975,0.0655,0.0215,0.0502,0.248,1.03
1.28,1.82,9.52,41.4,0.0538,0.241,0.0266,0.112,0.129,0.785
1.7,1.84,15.0,22.3,0.0154,0.0948,0.0247,0.0655,0.149,0.978
1.34,1.71,15.6,27.6,0.0634,0.198,0.0352,0.11,0.252,1.37
1.37,1.97,30.9,49.8,0.0328,0.11,0.0378,0.122,1.37,3.9
1.14,1.63,17.4,31.4,0.0739,0.193,0.0412,0.171,0.529,2.12
1.35,1.69,9.11,13.5,0.00713,0.072,0.0244,0.0605,0.0201,0.37
2.24,2.51,18.6,23.1,0.0282,0.0761,0.0163,0.0551,0.167,1.38
1.4,1.95,20.0,30.3,0.0363,0.133,0.0346,0.0861,0.173,1.73
1.36,1.79,18.4,32.2,0.017,0.0956,0.0267,0.0599,0.425,1.63
1.37,1.97,30.9,49.8,0.0328,0.11,0.0378,0.122,1.37,3.9
1.15,1.52,15.4,22.8,0.0197,0.0992,0.0287,0.0838,0.544,1.83
1.37,1.97,30.9,49.8,0.0328,0.11,0.0378,0.122,1.37,3.9
1.7,1.88,14.2,22.1,0.0177,0.0973,0.0237,0.0509,0.19,1.07
1.37,1.97,30.9,49.8,0.0328,0.11,0.0378,0.122,1.37,3.9
1.64,1.82,16.2,25.9,0.0135,0.0973,0.0287,0.108,0.146,0.959
1.47,1.72,26.9,50.9,0.0196,0.126,0.0389,0.141,0.521,2.95
1.79,2.33,15.7,20.5,0.0171,0.0799,0.0226,0.045,0.185,1.48
1.37,1.97,30.9,49.8,0.0328,0.11,0.0378,0.122,1.37,3.9
1.14,1.63,17.4,31.4,0.0739,0.193,0.0412,0.171,0.529,2.12
1.37,1.97,30.9,49.8,0.0328,0.11,0.0378,0.122,1.37,3.9
1.53,1.92,12.0,20.5,0.012,0.104,0.0211,0.0494,0.122,0.811
1.37,1.97,30.9,49.8,0.0328,0.11,0.0378,0.122,1.37,3.9
1.19,1.6,19.6,33.5,0.0299,0.0993,0.0362,0.0846,0.784,2.42
1.37,1.97,30.9,49.8,0.0328,0.11,0.0378,0.122,1.37,3.9
1.34,1.98,8.66,14.4,0.0299,0.112,0.022,0.0538,0.345,1.4
1.56,1.76,8.48,14.6,0.0101,0.0691,0.0202,0.0469,0.218,0.908
1.37,1.97,30.9,49.8,0.0328,0.11,0.0378,0.122,1.37,3.9
1.37,1.97,30.9,49.8,0.0328,0.11,0.0378,0.122,1.37,3.9
1.14,1.63,17.4,31.4,0.0739,0.193,0.0412,0.171,0.529,2.12
1.37,1.97,30.9,49.8,0.0328,0.11,0.0378,0.122,1.37,3.9
1.13,1.57,22.9,44.8,0.0309,0.158,0.044,0.236,0.232,1.06
1.29,1.98,16.6,27.1,0.0545,0.19,0.0318,0.0957,0.511,1.48
1.37,1.97,30.9,49.8,0.0328,0.11,0.0378,0.122,1.37,3.9
1.25,1.95,15.3,23.9,0.0349,0.121,0.0312,0.0782,0.153,0.921
1.59,1.89,22.8,34.7,0.0601,0.182,0.0262,0.0869,1.02,4.3
1.34,1.66,20.8,33.9,0.0745,0.192,0.0298,0.0873,1.19,4.47
1.37,1.97,30.9,49.8,0.0328,0.11,0.0378,0.122,1.37,3.9
1.19,1.81,18.1,31.4,0.0733,0.187,0.0404,0.169,0.565,2.1
1.37,1.97,30.9,49.8,0.0328,0.11,0.0378,0.122,1.37,3.9
1.16,1.59,17.3,28.9,0.0113,0.125,0.032,0.0608,0.338,2.14
1.36,1.96,12.0,24.3,0.0856,0.156,0.0278,0.0601,0.223,1.38
1.24,2.11,10.5,16.0,0.0119,0.0983,0.03,0.092,0.0839,0.689
1.31,1.66,14.8,41.9,0.0161,0.125,0.0302,0.109,0.0822,0.902
1.24,1.66,8.92,41.2,0.0207,0.171,0.026,0.112,0.111,0.737
1.71,2.08,17.4,28.9,0.0118,0.0997,0.0259,0.056,0.0782,0.641
1.82,2.42,11.4,20.5,0.0216,0.0868,0.0209,0.0624,0.147,1.4
1.37,1.97,30.9,49.8,0.0328,0.11,0.0378,0.122,1.37,3.9
1.37,1.97,30.9,49.8,0.0328,0.11,0.0378,0.122,1.37,3.9
1.31,1.7,18.1,25.8,0.0214,0.117,0.0317,0.0661,0.0821,0.68
1.27,1.6,17.9,29.8,0.0645,0.227,0.0386,0.499,0.996,4.57
1.37,1.76,21.9,42.4,0.0707,0.17,0.0317,0.108,1.18,4.43
1.28,1.6,19.3,33.4,0.206,0.422,0.0469,0.412,0.935,4.48
1.74,2.24,16.0,28.0,0.0178,0.0984,0.0248,0.0486,0.136,1.18
1.53,1.83,12.2,18.6,0.0209,0.0759,0.0234,0.0539,0.193,1.28
1.63,1.81,13.8,18.5,0.00751,0.093,0.0245,0.05,0.0265,0.367
1.31,1.53,13.1,16.5,0.0131,0.109,0.0276,0.0668,0.234,0.87
1.37,1.97,30.9,49.8,0.0328,0.11,0.0378,0.122,1.37,3.9
1.52,2.1,5.06,10.9,0.0231,0.0769,0.0159,0.113,0.0522,0.591
1.2,1.84,6.69,12.0,0.0216,0.0939,0.0214,0.0603,0.0689,0.403
1.35,1.59,7.18,13.7,0.0101,0.066,0.0192,0.0481,0.28,1.04
1.37,1.97,30.9,49.8,0.0328,0.11,0.0378,0.122,1.37,3.9
1.37,1.97,30.9,49.8,0.0328,0.11,0.0378,0.122,1.37,3.9
1.67,2.15,13.1,19.3,0.0205,0.123,0.0214,0.0753,0.3,1.1
1.2,1.57,20.5,31.8,0.0411,0.131,0.0389,0.133,0.385,1.94
1.29,2.07,16.6,28.6,0.0573,0.116,0.0336,0.0886,0.285,2.33
1.09,1.88,6.66,10.7,0.0155,0.0612,0.0332,0.0925,0.4,1.48
1.37,1.97,30.9,49.8,0.0328,0.11,0.0378,0.122,1.37,3.9
1.18,1.54,22.9,37.4,0.057,0.152,0.0412,0.142,0.538,2.27
1.37,1.97,30.9,49.8,0.0328,0.11,0.0378,0.122,1.37,3.9
1.37,1.97,30.9,49.8,0.0328,0.11,0.0378,0.122,1.37,3.9
1.29,1.55,12.1,16.7,0.011,0.103,0.0245,0.0524,0.153,1.03
1.91,2.24,14.8,20.2,0.0146,0.108,0.0264,0.062,0.284,1.8
1.21,1.35,10.8,13.1,0.00797,0.091,0.0249,0.0487,0.0751,0.489
1.2,1.58,10.9,16.6,0.00855,0.0946,0.0306,0.0699,0.151,1.43
1.12,1.52,14.8,21.5,0.0187,0.095,0.0313,0.0747,0.237,1.11
1.62,1.82,14.3,17.5,0.0114,0.104,0.0274,0.0624,0.0336,0.308
1.7,1.88,14.2,22.1,0.0177,0.0973,0.0237,0.0509,0.19,1.07
1.32,1.54,14.7,17.5,0.00827,0.111,0.0269,0.0539,0.0302,0.362
1.34,1.69,18.0,36.6,0.011,0.115,0.0314,0.0641,0.315,1.8
1.6,1.83,18.3,26.2,0.0104,0.113,0.0275,0.0692,0.0768,0.751
1.83,2.12,14.8,20.0,0.0104,0.105,0.0218,0.0501,0.257,1.87
1.26,1.75,10.9,18.2,0.0151,0.103,0.0223,0.124,0.398,2.08
1.53,1.86,9.02,12.8,0.00679,0.0811,0.0199,0.0414,0.0464,0.665
1.48,2.13,11.4,16.3,0.0107,0.0929,0.0276,0.0936,0.0623,0.559
1.46,3.92,17.8,41.5,0.0162,0.0788,0.0368,0.138,0.481,6.37
1.74,1.9,15.3,21.0,0.0145,0.0828,0.0254,0.0459,0.102,1.1
1.17,1.5,7.59,11.0,0.0157,0.0617,0.0247,0.0561,0.0977,0.818
1.55,2.78,25.3,48.4,0.0345,0.121,0.0335,0.181,0.342,5.06
1.37,1.87,16.1,20.9,0.015,0.178,0.027,0.0821,0.279,1.41
1.09,1.25,21.8,27.0,0.0167,0.164,0.0406,0.0923,0.0515,0.636
1.31,1.68,13.7,21.7,0.0196,0.101,0.0286,0.115,0.182,1.34
1.68,2.04,25.9,36.2,0.0217,0.113,0.0556,0.126,0.0769,0.656
1.35,2.47,10.3,18.5,0.0348,0.073,0.0255,0.0812,0.244,2.04
1.32,1.85,11.8,18.5,0.0278,0.124,0.0239,0.0518,0.119,1.05
1.13,1.75,16.5,27.4,0.0693,0.157,0.0348,0.2,0.359,2.46
1.37,1.97,30.9,49.8,0.0328,0.11,0.0378,0.122,1.37,3.9
1.11,1.59,19.2,32.9,0.0566,0.121,0.0412,0.124,0.42,2.03
1.55,1.73,19.6,25.4,0.0177,0.117,0.0291,0.0653,0.24,1.87
1.34,1.8,10.6,17.5,0.0316,0.0841,0.0243,0.0558,0.237,1.43
1.92,3.12,7.21,10.0,0.0081,0.067,0.015,0.0391,0.0603,0.522
1.56,1.82,22.8,35.3,0.0605,0.181,0.0284,0.0852,1.01,4.24
1.34,1.66,20.8,33.9,0.0745,0.192,0.0298,0.0873,1.19,4.47
1.79,2.16,14.0,19.5,0.0184,0.124,0.0208,0.0743,0.247,1.01
1.41,1.71,16.0,21.7,0.0255,0.111,0.029,0.108,0.187,1.33
1.22,1.71,11.7,19.1,0.0149,0.115,0.0239,0.0461,0.337,1.13
1.26,1.54,17.4,28.2,0.0344,0.109,0.0382,0.105,0.298,1.15
1.19,1.61,16.7,21.6,0.0188,0.123,0.0379,0.136,0.142,0.728
1.24,1.4,16.0,24.0,0.0453,0.108,0.0382,0.104,0.387,1.47
1.75,2.35,8.17,11.2,0.012,0.113,0.0196,0.0505,0.046,0.287
1.6,2.5,7.77,11.1,0.0162,0.0734,0.0167,0.0365,0.0378,0.377
1.92,2.51,7.25,10.5,0.0144,0.119,0.0149,0.0578,0.0603,0.355
1.99,2.76,7.42,11.1,0.0422,0.293,0.0147,0.0579,0.0662,0.336
1.08,1.56,19.1,29.8,0.0988,0.168,0.0445,0.152,0.719,2.34
1.28,3.49,20.5,38.5,0.093,0.159,0.0429,0.152,0.727,2.3
1.46,1.93,19.9,33.9,0.0581,0.161,0.0363,0.151,0.442,1.88
1.13,1.56,13.6,19.3,0.0103,0.106,0.0331,0.0588,0.116,1.09
1.34,1.64,7.61,14.1,0.0106,0.0667,0.0198,0.0513,0.245,0.971
1.37,1.97,30.9,49.8,0.0328,0.11,0.0378,0.122,1.37,3.9
1.7,1.88,14.2,22.1,0.0177,0.0973,0.0237,0.0509,0.19,1.07
1.18,1.51,27.8,38.9,0.0467,0.15,0.0412,0.106,1.12,4.07
1.37,1.97,30.9,49.8,0.0328,0.11,0.0378,0.122,1.37,3.9
1.37,1.97,30.9,49.8,0.0328,0.11,0.0378,0.122,1.37,3.9
1.77,1.94,20.9,27.8,0.0129,0.133,0.0267,0.0583,0.233,1.32
1.65,2.36,26.5,38.7,0.0182,0.159,0.0369,0.113,0.415,1.79
1.25,1.52,22.1,34.0,0.0248,0.107,0.0368,0.0884,0.674,2.33
1.37,1.97,30.9,49.8,0.0328,0.11,0.0378,0.122,1.37,3.9
1.47,1.9,23.1,31.9,0.0711,0.137,0.0391,0.117,0.54,1.95
1.37,1.97,30.9,49.8,0.0328,0.11,0.0378,0.122,1.37,3.9
1.75,2.23,8.92,11.4,0.0173,0.0813,0.019,0.037,0.262,1.42
1.37,1.97,30.9,49.8,0.0328,0.11,0.0378,0.122,1.37,3.9
1.37,1.97,30.9,49.8,0.0328,0.11,0.0378,0.122,1.37,3.9
1.37,1.97,30.9,49.8,0.0328,0.11,0.0378,0.122,1.37,3.9
1.42,1.77,28.5,38.6,0.0146,0.161,0.0494,0.136,0.148,0.972
1.37,1.97,30.9,49.8,0.0328,0.11,0.0378,0.122,1.37,3.9
1.73,2.1,9.37,14.4,0.0354,0.0976,0.0215,0.0926,0.201,1.35
1.37,1.97,30.9,49.8,0.0328,0.11,0.0378,0.122,1.37,3.9
1.45,1.7,19.1,26.0,0.0186,0.108,0.0317,0.088,0.118,1.19
1.56,1.78,26.0,40.8,0.0448,0.167,0.0288,0.0691,0.81,4.06
1.76,2.68,15.0,22.2,0.0603,0.255,0.0329,0.254,0.322,2.14
1.1,1.63,7.35,13.4,0.0171,0.0822,0.0269,0.0879,0.141,0.967
1.57,2.03,20.5,34.1,0.0562,0.139,0.0419,0.142,0.401,1.88
1.54,1.97,11.3,15.8,0.0102,0.0889,0.0267,0.0712,0.0726,0.564
1.25,1.58,23.7,35.8,0.0574,0.148,0.0361,0.0944,1.11,4.31
1.29,1.62,14.5,21.4,0.0158,0.116,0.0304,0.0804,0.096,1.48
2.01,2.46,14.4,17.4,0.0124,0.0865,0.0188,0.0452,0.0901,0.889
1.72,2.03,12.3,16.5,0.0136,0.102,0.0266,0.0619,0.122,1.01
1.74,2.64,4.91,10.5,0.0287,0.0906,0.0128,0.0489,0.257,1.5
1.07,1.41,17.5,26.5,0.0128,0.111,0.0386,0.0791,0.314,1.97
1.34,1.68,9.47,11.5,0.00825,0.0853,0.0228,0.0434,0.101,1.2
1.3,2.02,12.4,26.7,0.0212,0.0802,0.0293,0.0724,0.192,1.68
1.37,1.97,30.9,49.8,0.0328,0.11,0.0378,0.122,1.37,3.9
1.16,1.55,15.5,22.2,0.0298,0.125,0.0296,0.0962,0.533,1.49
1.14,1.63,17.4,31.4,0.0739,0.193,0.0412,0.171,0.529,2.12
1.66,2.32,17.4,24.8,0.0294,0.108,0.028,0.098,0.207,1.28
1.67,1.98,26.2,37.9,0.0396,0.154,0.0323,0.0925,0.768,4.07
1.35,1.71,15.4,22.1,0.0278,0.106,0.0303,0.114,0.204,1.32
1.5,2.39,19.4,32.4,0.0654,0.163,0.0366,0.127,0.458,1.87
1.89,2.42,27.1,53.0,0.017,0.0796,0.0321,0.224,0.304,2.8
1.61,1.78,24.9,34.9,0.0131,0.122,0.031,0.0617,0.136,1.4
1.37,1.97,30.9,49.8,0.0328,0.11,0.0378,0.122,1.37,3.9
1.58,2.17,11.1,15.9,0.0191,0.155,0.0258,0.101,0.312,1.4
1.19,1.6,16.7,23.7,0.0228,0.129,0.034,0.0734,0.0947,0.757
1.31,1.71,14.7,21.8,0.0337,0.11,0.0306,0.128,0.248,1.35
1.24,1.4,16.0,24.0,0.0453,0.108,0.0382,0.104,0.387,1.47
1.73,2.08,12.9,21.3,0.0159,0.0786,0.0237,0.0571,0.115,1.37
1.37,1.97,30.9,49.8,0.0328,0.11,0.0378,0.122,1.37,3.9
0.985,1.12,11.3,14.1,0.00846,0.0912,0.0319,0.0659,0.105,1.36
1.38,1.84,21.7,31.0,0.0789,0.14,0.0402,0.126,0.586,2.04
1.75,2.51,15.2,27.4,0.0315,0.0941,0.0241,0.0476,0.278,2.02
1.68,2.14,14.3,19.4,0.037,0.102,0.0198,0.0813,0.239,1.62
1.46,1.6,9.64,15.8,0.00839,0.0781,0.0216,0.0461,0.147,0.645
1.49,2.1,21.0,36.7,0.0466,0.172,0.0372,0.456,0.782,4.51
1.26,1.65,16.6,29.8,0.0529,0.102,0.0388,0.103,0.45,2.42
1.52,1.93,8.72,11.3,0.00838,0.0828,0.0236,0.0756,0.174,1.42
1.34,1.58,7.77,14.1,0.00874,0.0649,0.0189,0.0477,0.228,0.912
1.35,1.73,20.1,25.9,0.029,0.107,0.0325,0.0653,0.267,1.16
1.22,1.66,15.1,20.2,0.0311,0.113,0.0306,0.0787,0.332,1.62
1.24,1.4,16.0,24.0,0.0453,0.108,0.0382,0.104,0.387,1.47
1.39,2.46,22.0,45.7,0.0766,0.172,0.0323,0.0927,1.14,4.42
1.37,1.97,30.9,49.8,0.0328,0.11,0.0378,0.122,1.37,3.9
1.29,1.52,8.44,12.1,0.0119,0.0827,0.0215,0.0537,0.357,1.39
1.7,2.84,8.84,15.6,0.0257,0.0656,0.019,0.0481,0.387,1.47
1.61,1.84,22.9,35.0,0.0601,0.181,0.0272,0.0755,1.01,4.25
1.72,2.25,14.7,23.5,0.0233,0.101,0.0236,0.0797,0.261,2.55
1.21,1.81,18.2,34.2,0.0792,0.186,0.0433,0.15,0.513,2.07
1.38,1.98,15.4,22.1,0.031,0.108,0.0301,0.114,0.207,1.33
1.26,1.64,16.3,24.0,0.0479,0.108,0.0378,0.102,0.401,1.47
1.3,1.86,21.0,31.2,0.0282,0.114,0.0337,0.0665,0.257,1.5
1.16,1.74,7.5,12.0,0.037,0.126,0.0255,0.199,0.34,1.42
1.78,2.8,15.7,31.6,0.0911,0.319,0.0301,0.115,0.302,3.39
1.17,1.51,16.3,23.1,0.0181,0.0979,0.0276,0.0685,0.499,1.78
1.53,1.74,17.5,23.6,0.0176,0.0978,0.0249,0.0683,0.45,1.64
1.22,1.57,19.4,33.5,0.0321,0.131,0.0408,0.148,0.32,1.76
1.7,2.1,14.0,19.5,0.0188,0.133,0.023,0.0721,0.255,1.04
1.31,1.63,16.8,23.3,0.0241,0.126,0.0277,0.0716,0.453,1.41
1.06,1.67,6.16,12.0,0.00998,0.079,0.0257,0.0703,0.0691,0.963
1.52,1.78,16.2,22.4,0.0285,0.106,0.0279,0.114,0.187,1.26
1.22,1.73,8.76,13.0,0.0106,0.0858,0.0225,0.0492,0.285,1.61
1.98,3.38,17.2,37.4,0.0794,0.136,0.0255,0.0712,0.409,3.04
1.37,1.97,30.9,49.8,0.0328,0.11,0.0378,0.122,1.37,3.9
1.35,2.61,18.6,38.8,0.063,0.149,0.0414,0.489,1.02,4.6
1.6,1.72,17.6,23.8,0.0122,0.109,0.0315,0.0693,0.0817,0.813
1.37,1.97,30.9,49.8,0.0328,0.11,0.0378,0.122,1.37,3.9
1.22,1.75,17.1,24.1,0.0173,0.109,0.0287,0.0602,0.354,1.65
1.62,1.91,10.2,13.2,0.00831,0.0885,0.022,0.0475,0.0773,0.887
1.52,1.78,8.0,14.3,0.0098,0.0665,0.0195,0.0406,0.226,0.915
1.6,1.83,23.9,30.5,0.0134,0.116,0.0308,0.0561,0.178,1.61
1.07,1.67,6.21,11.9,0.0146,0.0791,0.0258,0.0736,0.0445,0.533
1.53,1.85,10.1,13.3,0.0106,0.0882,0.0233,0.0459,0.078,0.889
1.6,2.06,9.68,21.4,0.0217,0.096,0.0253,0.195,0.119,1.11
1.35,2.33,22.4,34.7,0.0369,0.128,0.0471,0.352,0.2,1.57
1.29,1.68,15.7,21.8,0.0274,0.11,0.0314,0.1,0.187,1.28
1.34,1.66,20.8,33.9,0.0745,0.192,0.0298,0.0873,1.19,4.47
1.37,1.97,30.9,49.8,0.0328,0.11,0.0378,0.122,1.37,3.9
1.67,2.13,13.8,20.1,0.0337,0.147,0.0219,0.0752,0.299,1.08
1.29,2.29,16.8,29.0,0.0627,0.221,0.0332,0.102,0.518,1.82
1.33,1.61,13.6,19.6,0.039,0.122,0.0277,0.0669,0.226,0.869
2.06,2.32,16.2,23.3,0.0163,0.104,0.0208,0.0441,0.143,0.944
1.41,2.88,15.5,30.4,0.0391,0.11,0.0383,0.233,0.318,2.05
1.14,1.63,17.4,31.4,0.0739,0.193,0.0412,0.171,0.529,2.12
1.63,2.07,16.9,27.6,0.0161,0.111,0.0269,0.0567,0.132,1.33
1.85,2.29,7.87,12.8,0.00781,0.0816,0.0213,0.0689,0.0542,0.489
1.67,1.86,11.3,18.0,0.0262,0.0814,0.0235,0.0514,0.118,1.54
1.1,1.5,15.0,19.4,0.00987,0.116,0.0316,0.0751,0.273,1.26
1.42,1.68,17.2,24.9,0.00924,0.107,0.0286,0.0568,0.067,0.343
1.2,1.66,21.4,31.6,0.0247,0.12,0.0383,0.0821,0.28,1.63
1.1,1.36,11.8,18.6,0.0111,0.117,0.0358,0.109,0.0678,0.91
1.23,1.74,8.13,13.4,0.0137,0.0794,0.024,0.0556,0.104,0.964
1.35,1.72,9.3,14.4,0.0134,0.104,0.0258,0.0644,0.0681,0.886
1.67,2.11,18.0,23.5,0.0131,0.13,0.0249,0.0584,0.181,0.989
1.66,2.05,16.4,22.1,0.0191,0.0794,0.0224,0.0605,0.188,1.58
1.36,1.69,16.7,23.3,0.0266,0.112,0.0292,0.0789,0.167,1.23
1.32,1.66,18.1,32.0,0.0181,0.114,0.0342,0.0947,0.111,1.18
1.25,1.55,16.1,24.0,0.0461,0.112,0.0381,0.105,0.411,1.47
1.44,3.53,11.0,22.0,0.0166,0.0669,0.0285,0.0823,0.175,1.41
1.7,2.07,14.7,27.4,0.021,0.0941,0.0238,0.0514,0.182,1.35
1.09,1.94,6.4,13.9,0.0246,0.104,0.0263,0.067,0.121,1.85
1.68,1.97,13.4,19.5,0.0252,0.0942,0.0233,0.0489,0.153,1.56
1.57,1.92,9.3,13.6,0.0141,0.0832,0.0221,0.07,0.125,0.948
1.45,2.21,9.43,14.3,0.0128,0.0814,0.0205,0.0437,0.122,1.46
1.12,1.58,8.57,11.2,0.00839,0.0974,0.0275,0.0588,0.0542,0.672
1.29,1.5,8.83,12.4,0.0109,0.0841,0.021,0.0464,0.31,1.26
1.46,1.81,7.95,12.0,0.0204,0.105,0.023,0.17,0.297,1.32
1.05,1.72,8.61,45.1,0.0856,0.408,0.0317,0.131,0.245,3.34
1.26,1.73,7.35,12.1,0.00734,0.0783,0.024,0.0751,0.0349,0.515
1.63,1.85,18.5,24.3,0.0239,0.0979,0.0281,0.109,0.151,1.13
1.39,1.85,11.2,26.3,0.0131,0.0864,0.0245,0.0669,0.216,2.38
1.27,1.58,9.7,17.7,0.0423,0.0915,0.0237,0.0986,0.261,1.89
1.39,2.21,23.0,42.0,0.0263,0.175,0.0362,0.0962,0.21,1.83
1.19,1.36,12.5,16.2,0.00933,0.0989,0.0264,0.0563,0.159,1.15
1.26,1.89,10.9,19.8,0.0193,0.102,0.0229,0.046,0.194,0.883
1.4,1.73,12.4,15.3,0.011,0.128,0.0291,0.0833,0.1,0.781
1.59,1.95,20.3,33.0,0.053,0.152,0.035,0.147,0.406,1.83
1.4,1.68,17.1,24.7,0.0413,0.106,0.0352,0.103,0.351,1.39
1.87,2.4,5.64,10.2,0.0139,0.0656,0.015,0.0512,0.0641,1.06
1.08,1.56,19.1,29.8,0.0988,0.168,0.0445,0.152,0.719,2.34
1.73,1.95,26.7,39.5,0.0437,0.168,0.0313,0.0609,0.484,4.82
1.29,2.68,7.4,11.7,0.0511,0.26,0.0279,0.0887,0.302,1.62
1.35,1.59,7.18,13.7,0.0101,0.066,0.0192,0.0481,0.28,1.04
1.27,1.83,12.8,16.1,0.0419,0.154,0.0327,0.117,0.14,1.16
1.32,1.95,17.7,27.1,0.0993,0.169,0.032,0.064,0.263,2.21
1.37,1.97,30.9,49.8,0.0328,0.11,0.0378,0.122,1.37,3.9
1.85,2.2,8.59,12.6,0.0108,0.0777,0.0181,0.0332,0.045,0.389
1.21,2.49,9.71,15.9,0.0463,0.152,0.0717,0.384,0.166,1.36
1.98,2.8,4.06,9.82,0.029,0.0748,0.0114,0.0313,0.395,1.03
1.45,1.78,10.5,13.8,0.00851,0.0878,0.0222,0.0467,0.174,1.42
1.1,1.38,15.1,18.8,0.0115,0.111,0.0315,0.0634,0.208,1.66
1.36,1.82,14.5,22.0,0.0126,0.108,0.0286,0.143,0.0464,0.917
1.26,1.75,11.7,19.2,0.0126,0.117,0.0238,0.0529,0.144,1.27
1.69,2.83,9.93,21.6,0.0217,0.0951,0.0249,0.18,0.135,1.11
1.25,1.99,17.3,21.5,0.0275,0.119,0.0355,0.0762,0.119,0.876
1.79,2.78,4.74,10.7,0.029,0.0995,0.0127,0.0566,0.171,1.11
2.7,3.04,13.6,17.6,0.0068,0.0763,0.0345,0.0751,0.148,0.77
1.22,1.73,8.76,13.0,0.0106,0.0858,0.0225,0.0492,0.285,1.61
1.6,1.98,12.3,15.5,0.00828,0.106,0.0227,0.0411,0.0325,0.698
1.59,3.12,18.0,31.1,0.0352,0.115,0.0282,0.0736,0.298,1.32
1.24,2.01,17.0,21.0,0.0126,0.118,0.0356,0.0762,0.107,0.906
1.34,1.76,15.1,21.9,0.0433,0.104,0.0305,0.119,0.28,1.35
1.12,1.68,14.9,21.5,0.0256,0.107,0.0329,0.0773,0.349,1.36
1.53,1.74,7.78,14.0,0.00919,0.066,0.0185,0.0407,0.237,0.939
1.09,1.72,7.19,11.5,0.0255,0.109,0.0319,0.198,0.36,1.39
1.24,1.88,9.86,15.3,0.0256,0.0835,0.0217,0.0445,0.184,1.13
1.09,1.52,6.75,9.65,0.0122,0.0735,0.029,0.0887,0.309,1.63
1.12,1.55,6.8,11.3,0.00715,0.0861,0.0224,0.0696,0.112,0.537
1.83,2.28,15.5,23.1,0.00818,0.101,0.0231,0.0487,0.0348,0.685
1.73,2.64,5.05,10.3,0.0666,0.123,0.0181,0.149,0.194,1.22
1.16,1.55,15.5,22.2,0.0298,0.125,0.0296,0.0962,0.533,1.49
1.83,2.12,14.8,19.4,0.0103,0.118,0.0215,0.0529,0.0196,0.258
1.16,1.73,11.1,24.2,0.0232,0.166,0.0228,0.0896,0.503,2.06
1.41,2.74,19.0,34.9,0.0716,0.18,0.0384,0.171,0.52,2.01
1.45,1.88,7.7,14.0,0.0178,0.066,0.024,0.0883,0.276,1.03
1.23,1.79,15.0,19.3,0.0309,0.11,0.0303,0.0613,0.15,0.797
1.29,2.11,10.3,18.8,0.04,0.13,0.0278,0.0545,0.176,1.18
1.6,1.88,21.8,35.0,0.0245,0.11,0.0331,0.0736,0.239,1.59
1.17,1.64,11.4,24.3,0.0142,0.0868,0.0307,0.138,0.294,1.51
1.13,1.65,8.94,11.3,0.00871,0.0837,0.0232,0.0472,0.11,1.24
1.36,2.21,9.62,14.0,0.0176,0.101,0.0263,0.0576,0.149,0.901
1.43,2.05,5.67,11.2,0.0188,0.0696,0.0185,0.0936,0.0472,0.506
1.67,1.92,12.5,18.4,0.0143,0.0845,0.0189,0.0748,0.0668,1.54
1.1,1.32,13.3,18.0,0.00751,0.0881,0.0298,0.078,0.269,1.01
1.68,2.0,16.0,19.8,0.0109,0.109,0.0245,0.0467,0.17,0.75
1.12,1.6,8.86,15.5,0.00785,0.0771,0.0248,0.0474,0.0855,1.05
2.46,3.28,9.75,15.6,0.0063,0.0724,0.0685,0.13,0.216,0.912
1.22,1.53,17.6,25.9,0.0172,0.112,0.0346,0.0709,0.102,1.35
1.75,1.96,18.1,21.2,0.00959,0.113,0.0266,0.0541,0.221,1.08
1.2,1.88,9.28,17.4,0.0284,0.0925,0.0283,0.0587,0.115,1.45
1.17,1.79,20.5,24.4,0.0126,0.138,0.0379,0.0783,0.203,1.47
1.14,1.47,11.5,15.6,0.016,0.0947,0.0328,0.0702,0.156,0.992
1.26,1.79,7.83,14.0,0.0124,0.0775,0.0232,0.0482,0.0674,0.922
1.17,1.57,14.1,28.7,0.0107,0.114,0.0371,0.113,0.0531,0.729
1.32,2.03,16.7,28.7,0.00941,0.103,0.0296,0.0633,0.295,3.29
1.23,1.37,24.6,30.4,0.0126,0.137,0.0428,0.0856,0.137,1.04
1.68,1.95,12.8,18.4,0.0169,0.084,0.0185,0.0743,0.142,1.54
1.07,1.88,6.54,10.7,0.0114,0.0541,0.0337,0.0964,0.387,1.47
1.46,2.2,13.8,28.9,0.025,0.101,0.0304,0.103,0.14,1.28
1.15,1.5,15.5,20.0,0.0719,0.244,0.0309,0.0728,0.282,1.26
1.43,1.61,9.72,15.4,0.0106,0.0875,0.0247,0.0447,0.156,0.759
1.22,1.66,7.3,10.2,0.0197,0.0764,0.0273,0.086,0.3,1.57
1.11,1.48,9.33,13.0,0.00918,0.0947,0.027,0.0487,0.0621,0.918
1.79,1.93,25.4,39.8,0.0177,0.14,0.0329,0.0676,0.138,3.06
1.49,1.69,7.89,11.0,0.00683,0.0774,0.0214,0.0583,0.174,1.47
1.72,2.07,11.3,22.3,0.0147,0.1,0.0232,0.161,0.0755,0.849
1.27,2.51,18.7,37.6,0.1,0.279,0.0407,0.171,0.535,2.11
1.68,2.55,5.35,17.0,0.019,0.111,0.0174,0.0662,0.338,1.32
1.54,2.14,18.8,50.3,0.0325,0.0942,0.0396,0.147,0.17,1.64
1.28,1.58,14.1,19.7,0.00849,0.102,0.0264,0.0528,0.0891,1.27
1.2,1.76,7.8,12.2,0.0271,0.102,0.0245,0.0559,0.103,0.811
1.07,1.74,17.5,32.5,0.0124,0.124,0.0375,0.0842,0.261,1.23
1.15,1.51,12.3,20.6,0.0186,0.117,0.035,0.105,0.14,1.03
1.18,1.71,9.99,14.9,0.0313,0.0822,0.0304,0.08,0.0845,0.691
1.12,1.81,7.77,11.2,0.00965,0.0648,0.029,0.0965,0.285,1.25
1.85,3.57,8.92,16.0,0.0213,0.0663,0.0175,0.043,0.293,1.1
1.6,2.54,4.28,9.69,0.027,0.1,0.0129,0.0567,0.0944,1.16
1.82,2.43,7.0,8.5,0.00805,0.0679,0.0154,0.0395,0.034,0.464
1.65,2.39,11.9,19.3,0.0202,0.0828,0.0233,0.0918,0.337,1.78
1.27,1.52,8.28,12.1,0.0111,0.0828,0.0217,0.0537,0.35,1.4
1.44,2.04,12.2,17.9,0.0368,0.0839,0.0265,0.0608,0.204,1.3
1.95,2.26,11.5,22.0,0.0523,0.105,0.0203,0.0562,0.0346,0.914
1.17,2.32,10.1,28.3,0.075,0.24,0.0323,0.11,0.241,2.73
1.19,1.41,9.18,15.5,0.00938,0.0835,0.0221,0.0583,0.339,1.48
1.61,2.06,10.6,22.4,0.0609,0.177,0.0322,0.194,0.163,1.14
1.35,2.48,11.7,20.5,0.0104,0.103,0.0238,0.0518,0.112,1.05
1.17,1.59,9.54,15.7,0.00785,0.0771,0.025,0.058,0.0738,1.0
1.47,1.93,21.0,42.5,0.0153,0.134,0.0343,0.104,0.418,6.18
2.22,2.5,13.5,17.9,0.0123,0.0946,0.0261,0.0605,0.0355,0.283
1.59,2.08,13.0,17.4,0.0114,0.0879,0.0267,0.0604,0.0457,0.485
1.63,1.82,12.9,15.4,0.00806,0.102,0.0249,0.0508,0.0576,0.855
1.79,2.13,18.9,29.6,0.00899,0.106,0.0271,0.0552,0.24,3.14
2.09,2.41,8.5,10.8,0.00981,0.107,0.0144,0.0284,0.03,0.258
1.27,1.73,13.7,23.3,0.0879,0.175,0.0305,0.0575,0.0586,0.516
1.35,1.8,10.1,14.3,0.00759,0.0914,0.0245,0.0567,0.122,0.736
1.18,1.41,7.83,12.5,0.00947,0.0783,0.0241,0.0517,0.068,0.752
1.41,3.03,10.4,26.0,0.0806,0.317,0.0288,0.079,0.208,1.87
1.45,2.48,8.6,21.1,0.0555,0.168,0.022,0.0786,0.167,1.57
1.34,1.61,8.1,21.1,0.0373,0.156,0.0217,0.0509,0.184,2.41
1.67,2.32,9.52,12.9,0.00829,0.0801,0.0216,0.0693,0.0488,0.653
1.34,1.66,11.5,16.5,0.00934,0.0949,0.0241,0.0727,0.0288,0.366
1.68,1.84,6.13,7.96,0.00514,0.0601,0.016,0.0355,0.0249,0.266
1.2,1.65,23.8,41.7,0.0409,0.113,0.0421,0.12,0.656,3.88
1.2,1.52,26.4,40.6,0.0347,0.17,0.0455,0.106,0.653,3.93
1.37,1.97,30.9,49.8,0.0328,0.11,0.0378,0.122,1.37,3.9
1.51,1.85,20.4,29.2,0.0162,0.0956,0.0294,0.0907,0.463,2.96
1.37,1.97,30.9,49.8,0.0328,0.11,0.0378,0.122,1.37,3.9
1.23,1.47,27.3,41.0,0.0377,0.154,0.0486,0.131,0.539,3.74
1.74,2.3,29.7,46.9,0.053,0.161,0.0341,0.15,0.43,1.75
1.37,1.97,30.9,49.8,0.0328,0.11,0.0378,0.122,1.37,3.9
1.77,2.23,22.5,33.0,0.0228,0.114,0.0277,0.0551,0.112,1.74
1.37,1.97,30.9,49.8,0.0328,0.11,0.0378,0.122,1.37,3.9
1.37,1.97,30.9,49.8,0.0328,0.11,0.0378,0.122,1.37,3.9
1.37,1.97,30.9,49.8,0.0328,0.11,0.0378,0.122,1.37,3.9
1.58,1.93,21.2,30.9,0.0174,0.113,0.0291,0.0795,0.37,1.08
1.17,1.54,21.6,29.5,0.0251,0.127,0.0424,0.0955,0.706,2.82
1.29,1.85,20.3,29.3,0.0226,0.127,0.0328,0.0701,0.161,1.97
1.45,2.16,22.4,35.5,0.0202,0.104,0.0317,0.0703,0.29,3.01
1.71,2.04,32.5,41.5,0.0163,0.165,0.0343,0.0706,0.0602,1.33
1.95,2.15,15.9,27.9,0.0203,0.0953,0.0236,0.0499,0.142,1.23
1.71,1.96,14.6,22.1,0.0255,0.1,0.0243,0.0509,0.199,1.07
1.37,1.97,30.9,49.8,0.0328,0.11,0.0378,0.122,1.37,3.9
1.37,1.97,30.9,49.8,0.0328,0.11,0.0378,0.122,1.37,3.9
1.52,1.77,29.3,40.4,0.0129,0.132,0.0381,0.0907,0.0406,0.76
1.37,1.97,30.9,49.8,0.0328,0.11,0.0378,0.122,1.37,3.9
1.47,1.73,24.8,35.0,0.0139,0.14,0.0334,0.068,0.0731,1.0
1.21,1.47,19.2,32.5,0.0343,0.127,0.0364,0.0855,0.258,1.79
1.19,1.5,16.5,25.0,0.0201,0.123,0.0354,0.0803,0.188,1.43
1.29,1.52,22.2,28.4,0.0114,0.121,0.038,0.0795,0.113,0.921
1.26,1.78,15.9,23.1,0.0272,0.108,0.0316,0.0733,0.126,0.772
1.33,1.79,19.3,38.9,0.0166,0.129,0.0327,0.0704,0.135,0.837
1.56,1.98,24.6,35.7,0.0536,0.147,0.0365,0.114,0.49,1.88
1.1,1.36,11.8,18.6,0.0111,0.117,0.0358,0.109,0.0678,0.91
1.29,1.72,19.0,27.9,0.00997,0.127,0.0334,0.0646,0.0954,0.879
1.78,1.9,23.7,28.5,0.00956,0.119,0.0295,0.0654,0.0159,0.182
1.51,1.85,20.4,29.2,0.0162,0.0956,0.0294,0.0907,0.463,2.96
1.31,1.71,14.5,21.5,0.0327,0.108,0.0307,0.13,0.227,1.35
1.23,1.79,15.0,19.3,0.0309,0.11,0.0303,0.0613,0.15,0.797
1.37,1.97,30.9,49.8,0.0328,0.11,0.0378,0.122,1.37,3.9
1.37,1.97,30.9,49.8,0.0328,0.11,0.0378,0.122,1.37,3.9
1.71,1.88,14.3,22.1,0.0192,0.0949,0.0237,0.0508,0.199,1.07
1.44,3.22,13.9,30.4,0.0148,0.103,0.0303,0.104,0.232,0.87
1.17,1.54,21.6,29.5,0.0251,0.127,0.0424,0.0955,0.706,2.82
1.27,1.94,25.5,49.4,0.0839,0.414,0.0422,0.12,0.832,4.73
1.37,1.97,30.9,49.8,0.0328,0.11,0.0378,0.122,1.37,3.9
1.22,1.53,16.7,22.9,0.0249,0.124,0.0283,0.087,0.46,1.46
1.3,1.61,21.0,38.0,0.0234,0.119,0.0326,0.111,0.4,2.0
1.37,1.97,30.9,49.8,0.0328,0.11,0.0378,0.122,1.37,3.9
1.37,1.97,30.9,49.8,0.0328,0.11,0.0378,0.122,1.37,3.9
1.37,1.97,30.9,49.8,0.0328,0.11,0.0378,0.122,1.37,3.9
1.26,1.69,20.9,32.7,0.0419,0.128,0.0364,0.128,0.438,1.75
1.37,1.97,30.9,49.8,0.0328,0.11,0.0378,0.122,1.37,3.9
1.33,1.94,18.0,29.3,0.0453,0.116,0.0334,0.0739,0.299,2.33
1.52,1.71,21.2,37.7,0.0318,0.0894,0.0546,0.559,0.333,1.97
1.37,1.97,30.9,49.8,0.0328,0.11,0.0378,0.122,1.37,3.9
1.37,1.97,30.9,49.8,0.0328,0.11,0.0378,0.122,1.37,3.9
1.7,2.07,14.7,27.4,0.021,0.0941,0.0238,0.0514,0.182,1.35
1.19,1.6,19.6,33.5,0.0299,0.0993,0.0362,0.0846,0.784,2.42
1.37,1.97,30.9,49.8,0.0328,0.11,0.0378,0.122,1.37,3.9
1.37,1.97,30.9,49.8,0.0328,0.11,0.0378,0.122,1.37,3.9
1.37,1.97,30.9,49.8,0.0328,0.11,0.0378,0.122,1.37,3.9
1.33,1.94,26.9,37.4,0.0192,0.135,0.0401,0.106,0.303,1.71
1.37,1.97,30.9,49.8,0.0328,0.11,0.0378,0.122,1.37,3.9
1.2,1.52,23.1,30.5,0.0212,0.129,0.039,0.0878,0.65,2.73
1.21,1.63,16.7,22.7,0.0302,0.119,0.0289,0.0862,0.557,1.6
1.61,1.99,16.0,20.7,0.0142,0.128,0.024,0.068,0.178,0.971
1.51,1.82,17.1,23.3,0.0129,0.113,0.0288,0.0745,0.0789,1.13
1.37,1.97,30.9,49.8,0.0328,0.11,0.0378,0.122,1.37,3.9
1.37,1.97,30.9,49.8,0.0328,0.11,0.0378,0.122,1.37,3.9
1.33,1.48,20.2,24.4,0.0126,0.12,0.0353,0.076,0.0918,0.801
1.37,1.97,30.9,49.8,0.0328,0.11,0.0378,0.122,1.37,3.9
1.37,1.97,30.9,49.8,0.0328,0.11,0.0378,0.122,1.37,3.9
1.58,2.11,7.71,13.9,0.00983,0.0661,0.0179,0.0419,0.252,1.01
1.37,1.97,30.9,49.8,0.0328,0.11,0.0378,0.122,1.37,3.9
1.3,1.61,21.0,38.0,0.0234,0.119,0.0326,0.111,0.4,2.0
1.58,2.17,11.1,15.9,0.0191,0.155,0.0258,0.101,0.312,1.4
1.37,1.97,30.9,49.8,0.0328,0.11,0.0378,0.122,1.37,3.9
1.37,1.97,30.9,49.8,0.0328,0.11,0.0378,0.122,1.37,3.9
1.37,2.02,9.76,18.8,0.0252,0.0835,0.0233,0.0674,0.187,1.7
1.14,1.63,17.4,31.4,0.0739,0.193,0.0412,0.171,0.529,2.12
1.37,1.97,30.9,49.8,0.0328,0.11,0.0378,0.122,1.37,3.9
1.2,1.39,32.5,43.5,0.0189,0.138,0.0453,0.107,0.363,2.09
1.37,1.97,30.9,49.8,0.0328,0.11,0.0378,0.122,1.37,3.9
1.37,1.97,30.9,49.8,0.0328,0.11,0.0378,0.122,1.37,3.9
1.43,1.78,22.1,38.7,0.0661,0.182,0.0335,0.173,1.08,4.35
1.37,1.97,30.9,49.8,0.0328,0.11,0.0378,0.122,1.37,3.9
1.37,1.97,30.9,49.8,0.0328,0.11,0.0378,0.122,1.37,3.9
1.38,2.97,16.2,38.8,0.0446,0.151,0.0436,0.301,0.31,2.55
1.33,1.73,17.1,25.7,0.0281,0.115,0.0351,0.122,0.261,1.32
1.37,1.97,30.9,49.8,0.0328,0.11,0.0378,0.122,1.37,3.9
1.37,1.97,30.9,49.8,0.0328,0.11,0.0378,0.122,1.37,3.9
1.35,1.58,20.9,28.5,0.0716,0.134,0.0402,0.0834,0.13,1.32
1.32,1.73,15.1,25.6,0.0471,0.111,0.0313,0.13,0.298,2.19
1.24,1.79,16.7,24.1,0.246,0.474,0.0447,0.0936,0.142,0.887
1.27,1.6,17.9,29.8,0.0645,0.227,0.0386,0.499,0.996,4.57
1.37,1.97,30.9,49.8,0.0328,0.11,0.0378,0.122,1.37,3.9
1.34,1.66,20.8,33.9,0.0745,0.192,0.0298,0.0873,1.19,4.47
1.51,1.82,9.32,12.7,0.00855,0.0768,0.0207,0.0695,0.135,0.93
1.49,2.84,22.9,42.6,0.0896,0.142,0.0364,0.0787,0.838,2.81
1.37,1.97,30.9,49.8,0.0328,0.11,0.0378,0.122,1.37,3.9
1.24,1.64,14.4,26.1,0.0326,0.138,0.0356,0.0894,0.262,1.52
1.43,2.69,22.9,33.9,0.0208,0.113,0.0357,0.0792,0.294,1.55
1.19,1.45,23.9,34.4,0.0375,0.135,0.0406,0.103,0.43,1.89
1.01,1.24,11.3,14.9,0.0114,0.0997,0.0329,0.071,0.148,1.19
1.62,2.03,17.0,28.7,0.0145,0.1,0.0293,0.0612,0.105,1.22
1.37,1.97,30.9,49.8,0.0328,0.11,0.0378,0.122,1.37,3.9
1.37,1.97,30.9,49.8,0.0328,0.11,0.0378,0.122,1.37,3.9
1.27,1.75,13.3,19.5,0.0365,0.096,0.0273,0.0502,0.218,1.77
1.37,1.97,30.9,49.8,0.0328,0.11,0.0378,0.122,1.37,3.9
1.26,1.68,21.0,36.3,0.025,0.141,0.0365,0.0769,0.492,2.24
1.57,1.81,26.0,32.5,0.0139,0.134,0.0341,0.0651,0.197,1.01
1.69,1.84,19.9,24.4,0.0133,0.129,0.0266,0.0669,0.255,1.31
1.13,1.29,21.2,27.6,0.0224,0.11,0.0371,0.128,0.298,2.37
1.31,1.94,10.5,19.1,0.0624,0.164,0.027,0.0558,0.208,1.48
1.37,1.97,30.9,49.8,0.0328,0.11,0.0378,0.122,1.37,3.9
1.34,1.62,22.8,38.9,0.0578,0.165,0.0334,0.111,0.993,4.31
1.37,1.97,30.9,49.8,0.0328,0.11,0.0378,0.122,1.37,3.9
1.65,2.21,28.7,43.8,0.035,0.106,0.0356,0.115,0.562,3.65
1.29,1.5,36.7,52.1,0.0135,0.141,0.0373,0.0871,0.953,5.27
1.2,1.46,19.1,27.6,0.016,0.102,0.0285,0.0755,0.413,1.59
1.44,2.55,15.2,24.4,0.0586,0.219,0.0308,0.0982,0.243,2.41
1.21,2.19,7.02,13.5,0.0494,0.176,0.0275,0.105,0.187,1.37
1.37,1.97,30.9,49.8,0.0328,0.11,0.0378,0.122,1.37,3.9
1.37,1.97,30.9,49.8,0.0328,0.11,0.0378,0.122,1.37,3.9
1.26,1.7,10.6,17.9,0.0271,0.0724,0.0254,0.0658,0.25,1.41
1.81,2.01,33.6,50.7,0.0133,0.144,0.0333,0.0877,0.0809,1.8
1.28,1.58,18.1,37.3,0.0174,0.113,0.0416,0.209,0.288,2.06
1.27,3.0,23.0,43.1,0.0434,0.218,0.0432,0.107,0.625,3.44
1.37,1.97,30.9,49.8,0.0328,0.11,0.0378,0.122,1.37,3.9
1.59,2.18,23.7,35.2,0.064,0.142,0.0459,0.13,0.51,2.0
1.39,2.02,18.3,28.5,0.033,0.106,0.0322,0.0678,0.18,2.11
1.31,1.97,18.5,35.3,0.0427,0.122,0.0344,0.0866,0.233,2.1
1.37,1.97,30.9,49.8,0.0328,0.11,0.0378,0.122,1.37,3.9
1.37,1.97,30.9,49.8,0.0328,0.11,0.0378,0.122,1.37,3.9
1.37,1.97,30.9,49.8,0.0328,0.11,0.0378,0.122,1.37,3.9
1.37,1.97,30.9,49.8,0.0328,0.11,0.0378,0.122,1.37,3.9
2.3,2.5,30.8,38.0,0.0125,0.0995,0.0249,0.0549,0.301,2.29
1.3,1.61,21.0,38.0,0.0234,0.119,0.0326,0.111,0.4,2.0
1.37,1.97,30.9,49.8,0.0328,0.11,0.0378,0.122,1.37,3.9
1.37,1.97,30.9,49.8,0.0328,0.11,0.0378,0.122,1.37,3.9
1.54,1.77,22.4,33.2,0.0233,0.14,0.0334,0.0712,0.138,1.46
1.37,1.97,30.9,49.8,0.0328,0.11,0.0378,0.122,1.37,3.9
1.45,2.05,24.9,41.4,0.0187,0.13,0.0323,0.0743,0.277,1.72
1.14,2.15,11.6,25.4,0.01,0.0793,0.0299,0.0633,0.249,2.05
1.37,1.97,30.9,49.8,0.0328,0.11,0.0378,0.122,1.37,3.9
1.37,1.97,30.9,49.8,0.0328,0.11,0.0378,0.122,1.37,3.9
1.37,1.97,30.9,49.8,0.0328,0.11,0.0378,0.122,1.37,3.9
1.37,1.97,30.9,49.8,0.0328,0.11,0.0378,0.122,1.37,3.9
1.1,1.29,17.9,23.2,0.0135,0.132,0.0372,0.086,0.121,1.86
1.12,1.59,18.2,24.2,0.0186,0.132,0.0374,0.086,0.186,1.86
1.54,1.92,22.9,31.8,0.0722,0.137,0.0369,0.12,0.532,1.95
1.19,1.57,11.0,21.6,0.0233,0.0883,0.0405,0.147,0.122,1.64
1.24,1.55,20.7,33.1,0.04,0.137,0.0359,0.104,0.388,2.02
1.37,1.97,30.9,49.8,0.0328,0.11,0.0378,0.122,1.37,3.9
1.37,1.97,30.9,49.8,0.0328,0.11,0.0378,0.122,1.37,3.9
1.37,1.97,30.9,49.8,0.0328,0.11,0.0378,0.122,1.37,3.9
1.84,2.15,24.0,35.4,0.0414,0.116,0.031,0.386,0.692,4.17
1.37,1.97,30.9,49.8,0.0328,0.11,0.0378,0.122,1.37,3.9
1.37,1.97,30.9,49.8,0.0328,0.11,0.0378,0.122,1.37,3.9
1.37,1.97,30.9,49.8,0.0328,0.11,0.0378,0.122,1.37,3.9
1.53,1.95,21.3,36.2,0.0264,0.134,0.0325,0.0826,0.161,1.61
1.71,2.61,21.5,34.1,0.0584,0.138,0.033,0.115,0.414,1.76
1.14,1.63,17.4,31.4,0.0739,0.193,0.0412,0.171,0.529,2.12
1.35,1.71,25.5,44.0,0.0384,0.109,0.0405,0.118,0.604,3.75
1.3,1.7,13.6,23.5,0.0331,0.112,0.0267,0.0686,0.143,1.18
1.31,1.69,15.1,23.2,0.0361,0.113,0.031,0.127,0.282,1.55
1.37,1.53,24.0,34.1,0.0131,0.139,0.038,0.0776,0.0726,1.15
1.48,1.81,20.7,32.5,0.0508,0.195,0.0367,0.45,0.814,4.34
1.15,1.49,9.03,15.5,0.00949,0.0825,0.0304,0.107,0.227,1.66
1.96,3.99,15.7,28.3,0.045,0.117,0.0199,0.082,0.379,2.07
1.39,1.75,21.6,34.0,0.167,0.325,0.032,0.0824,0.413,3.28
1.37,1.97,30.9,49.8,0.0328,0.11,0.0378,0.122,1.37,3.9
1.37,1.97,30.9,49.8,0.0328,0.11,0.0378,0.122,1.37,3.9
1.13,1.49,23.5,34.9,0.0184,0.161,0.0417,0.111,0.493,2.96
1.37,1.97,30.9,49.8,0.0328,0.11,0.0378,0.122,1.37,3.9
1.3,1.61,21.0,38.0,0.0234,0.119,0.0326,0.111,0.4,2.0
1.49,1.91,20.5,32.6,0.0477,0.153,0.0359,0.116,0.398,1.86
1.32,1.84,19.2,33.1,0.0196,0.123,0.0328,0.0701,0.363,2.32
1.68,3.05,25.0,48.4,0.0274,0.106,0.0383,0.12,0.369,2.0
1.49,1.74,22.8,35.2,0.0608,0.171,0.0371,0.0997,1.03,4.3
1.36,1.62,26.3,35.1,0.0135,0.137,0.0383,0.0829,0.243,2.17
1.37,1.97,30.9,49.8,0.0328,0.11,0.0378,0.122,1.37,3.9
1.1,1.56,19.8,29.9,0.0898,0.169,0.0428,0.138,0.759,2.31
1.7,1.97,12.6,18.8,0.0134,0.0907,0.0263,0.121,0.0484,0.75
1.37,1.97,30.9,49.8,0.0328,0.11,0.0378,0.122,1.37,3.9
1.2,1.65,23.8,41.7,0.0409,0.113,0.0421,0.12,0.656,3.88
1.24,1.64,14.4,26.1,0.0326,0.138,0.0356,0.0894,0.262,1.52
1.37,1.97,30.9,49.8,0.0328,0.11,0.0378,0.122,1.37,3.9
1.29,1.82,18.7,40.4,0.0732,0.219,0.0386,0.426,1.05,4.57
1.25,1.6,21.9,36.1,0.0252,0.117,0.0357,0.0753,0.656,2.29
1.37,1.97,30.9,49.8,0.0328,0.11,0.0378,0.122,1.37,3.9
1.3,1.61,19.5,25.8,0.0147,0.12,0.0337,0.0712,0.196,1.38
1.37,1.97,30.9,49.8,0.0328,0.11,0.0378,0.122,1.37,3.9
1.46,2.4,10.2,19.0,0.0267,0.0786,0.0244,0.0687,0.192,1.7
1.37,1.97,30.9,49.8,0.0328,0.11,0.0378,0.122,1.37,3.9
1.37,1.97,30.9,49.8,0.0328,0.11,0.0378,0.122,1.37,3.9
1.37,1.97,30.9,49.8,0.0328,0.11,0.0378,0.122,1.37,3.9
1.92,2.12,32.0,42.6,0.0332,0.145,0.0324,0.0723,0.545,3.68
1.55,1.79,23.4,35.8,0.0366,0.119,0.0338,0.346,0.679,4.16
1.37,1.97,30.9,49.8,0.0328,0.11,0.0378,0.122,1.37,3.9
1.08,1.56,19.1,29.8,0.0988,0.168,0.0445,0.152,0.719,2.34
1.3,1.5,28.5,62.1,0.0146,0.183,0.0406,0.086,0.133,1.12
1.5,1.9,24.6,33.4,0.0193,0.129,0.0387,0.129,0.443,2.8
1.37,1.97,30.9,49.8,0.0328,0.11,0.0378,0.122,1.37,3.9
1.37,1.97,30.9,49.8,0.0328,0.11,0.0378,0.122,1.37,3.9
1.56,1.98,9.26,15.5,0.0358,0.0968,0.0228,0.0622,0.219,1.31
1.37,1.97,30.9,49.8,0.0328,0.11,0.0378,0.122,1.37,3.9
1.37,1.97,30.9,49.8,0.0328,0.11,0.0378,0.122,1.37,3.9
1.38,1.75,8.25,14.2,0.016,0.0955,0.0211,0.06,0.374,1.36
1.24,1.55,23.4,42.9,0.0254,0.104,0.0347,0.0718,0.745,2.15
1.44,1.77,25.8,38.2,0.0232,0.14,0.0383,0.0891,0.349,2.66
1.44,1.7,18.0,25.2,0.0399,0.104,0.0329,0.0916,0.342,1.38
1.23,2.29,25.3,39.6,0.048,0.195,0.0434,0.102,0.712,4.12
1.35,1.84,22.0,44.6,0.0277,0.122,0.0374,0.0831,0.297,4.16
1.27,1.71,28.5,45.7,0.043,0.178,0.0438,0.0949,0.587,3.69
1.37,1.97,30.9,49.8,0.0328,0.11,0.0378,0.122,1.37,3.9
1.83,2.75,25.6,34.8,0.019,0.132,0.0322,0.0671,0.0979,1.89
1.91,2.31,17.6,29.2,0.0155,0.112,0.025,0.0494,0.097,1.15
1.37,1.97,30.9,49.8,0.0328,0.11,0.0378,0.122,1.37,3.9
1.37,1.97,30.9,49.8,0.0328,0.11,0.0378,0.122,1.37,3.9
1.31,2.41,19.0,39.5,0.0107,0.104,0.032,0.0741,0.337,4.27
1.26,2.18,19.7,32.8,0.0545,0.115,0.0394,0.211,0.172,1.26
1.46,2.73,21.1,29.9,0.0162,0.134,0.0372,0.0845,0.162,1.33
1.16,1.6,16.7,21.5,0.0215,0.122,0.0331,0.064,0.406,1.5
1.29,1.55,24.9,38.3,0.0251,0.146,0.0357,0.0743,0.272,1.87
1.37,1.74,10.6,15.4,0.00914,0.0947,0.0217,0.0553,0.387,1.0
1.34,1.66,20.8,33.9,0.0745,0.192,0.0298,0.0873,1.19,4.47
1.29,1.95,17.0,26.6,0.0421,0.11,0.032,0.065,0.218,2.22
1.37,1.97,30.9,49.8,0.0328,0.11,0.0378,0.122,1.37,3.9
1.33,1.7,15.8,30.6,0.0158,0.102,0.0286,0.059,0.325,1.37
1.28,1.67,18.2,27.3,0.0196,0.13,0.0358,0.0857,0.166,1.35
1.3,1.57,18.0,28.5,0.0237,0.134,0.032,0.0873,0.262,1.27
1.77,1.96,12.2,17.4,0.0142,0.0881,0.0171,0.0357,0.0424,0.343
1.74,2.13,24.7,37.9,0.0118,0.0976,0.039,0.199,0.171,1.64
1.37,1.97,30.9,49.8,0.0328,0.11,0.0378,0.122,1.37,3.9
1.33,1.48,20.2,24.4,0.0126,0.12,0.0353,0.076,0.0918,0.801
1.6,1.86,24.7,32.2,0.0245,0.146,0.0405,0.0932,0.0841,1.19
1.53,1.98,20.3,31.6,0.0526,0.162,0.034,0.431,0.865,4.42
1.18,1.7,13.4,23.1,0.023,0.153,0.0288,0.0648,0.171,1.76
1.31,1.6,21.9,38.2,0.0214,0.129,0.0335,0.0947,0.36,1.99
1.34,1.62,23.7,39.6,0.381,0.676,0.0583,0.141,1.09,4.39
1.73,1.98,24.3,35.0,0.0157,0.114,0.0313,0.0742,0.176,1.03
1.26,1.83,18.5,28.8,0.0161,0.125,0.0324,0.0741,0.384,3.12
1.84,2.09,25.9,35.9,0.0336,0.12,0.0321,0.283,0.585,4.03
1.14,1.63,17.4,31.4,0.0739,0.193,0.0412,0.171,0.529,2.12
1.37,1.97,30.9,49.8,0.0328,0.11,0.0378,0.122,1.37,3.9
1.84,2.81,24.9,38.2,0.0254,0.106,0.0305,0.0844,0.761,2.15
1.14,1.64,14.8,22.0,0.0209,0.0948,0.0316,0.0748,0.238,1.1
1.05,1.58,13.3,24.3,0.0179,0.107,0.0383,0.096,0.406,1.6
1.89,2.24,11.4,15.8,0.0154,0.0793,0.0178,0.0426,0.101,1.07
1.37,1.97,30.9,49.8,0.0328,0.11,0.0378,0.122,1.37,3.9
1.45,1.95,20.2,34.4,0.0263,0.0985,0.0306,0.0772,0.147,2.15
1.58,2.17,11.1,15.9,0.0191,0.155,0.0258,0.101,0.312,1.4
1.3,1.95,17.2,26.7,0.0444,0.118,0.0319,0.0641,0.229,2.22
1.85,3.28,16.2,31.9,0.0528,0.234,0.0257,0.0571,0.226,1.54
1.56,3.06,27.5,52.8,0.106,0.163,0.0428,0.146,0.482,3.34
1.37,1.97,30.9,49.8,0.0328,0.11,0.0378,0.122,1.37,3.9
1.25,1.55,16.2,26.1,0.0317,0.098,0.037,0.124,0.234,1.79
1.43,2.09,18.3,30.4,0.0508,0.128,0.0314,0.0894,0.295,2.23
1.31,2.03,16.7,23.1,0.0154,0.114,0.0331,0.0753,0.358,2.44
1.6,1.94,21.7,33.7,0.0436,0.126,0.0342,0.361,0.737,4.25
1.37,1.97,30.9,49.8,0.0328,0.11,0.0378,0.122,1.37,3.9
1.26,1.68,11.6,19.6,0.0136,0.103,0.0243,0.076,0.397,2.04
1.63,1.83,13.1,16.7,0.00764,0.094,0.0252,0.0493,0.012,0.209
1.4,1.86,19.2,32.3,0.0582,0.162,0.0388,0.151,0.447,1.88
1.68,2.14,14.3,19.4,0.037,0.102,0.0198,0.0813,0.239,1.62
1.37,1.97,30.9,49.8,0.0328,0.11,0.0378,0.122,1.37,3.9
1.21,1.66,14.7,19.5,0.0231,0.121,0.0307,0.0782,0.147,0.921
1.21,1.61,20.1,33.5,0.0373,0.102,0.0359,0.0838,0.774,2.42
1.37,1.68,15.3,31.3,0.0095,0.108,0.0285,0.058,0.282,1.43
1.29,2.07,16.6,28.6,0.0573,0.116,0.0336,0.0886,0.285,2.33
1.37,1.97,30.9,49.8,0.0328,0.11,0.0378,0.122,1.37,3.9
1.37,1.97,30.9,49.8,0.0328,0.11,0.0378,0.122,1.37,3.9
1.37,1.97,30.9,49.8,0.0328,0.11,0.0378,0.122,1.37,3.9
1.95,2.26,32.4,43.7,0.0123,0.143,0.0322,0.0602,0.0969,1.48
1.15,1.62,19.7,32.3,0.01,0.117,0.037,0.0713,0.151,1.84
0.966,1.14,19.4,28.1,0.0168,0.143,0.0411,0.0828,0.149,1.05
1.76,2.36,17.0,23.9,0.0216,0.157,0.0256,0.0623,0.129,1.3
1.38,2.9,11.9,22.0,0.0247,0.0827,0.039,0.145,0.162,1.47
1.56,1.73,20.6,26.1,0.0153,0.117,0.0297,0.061,0.21,1.78
1.37,1.97,30.9,49.8,0.0328,0.11,0.0378,0.122,1.37,3.9
1.29,1.95,17.0,26.6,0.0421,0.11,0.032,0.065,0.218,2.22
1.37,2.15,15.1,30.1,0.0633,0.213,0.0549,0.181,0.204,1.46
1.48,2.53,10.1,21.2,0.0692,0.245,0.024,0.0679,0.193,1.65
1.34,2.03,17.0,29.1,0.0249,0.103,0.0295,0.0632,0.295,3.28
1.69,2.04,17.0,28.4,0.0163,0.101,0.026,0.0491,0.113,1.22
1.19,1.5,16.5,25.0,0.0201,0.123,0.0354,0.0803,0.188,1.43
1.37,1.97,30.9,49.8,0.0328,0.11,0.0378,0.122,1.37,3.9
1.15,1.63,11.3,41.9,0.0179,0.123,0.0295,0.104,0.0452,0.615
1.37,1.6,14.6,24.1,0.0123,0.107,0.0296,0.0694,0.0328,0.391
1.05,1.39,14.1,24.3,0.0264,0.102,0.037,0.0961,0.669,2.64
1.33,1.85,19.3,26.6,0.0135,0.134,0.0345,0.0783,0.104,1.71
1.02,1.35,11.3,16.0,0.0103,0.0984,0.0354,0.0762,0.0883,0.874
1.4,1.87,22.6,40.7,0.109,0.183,0.031,0.143,1.16,4.26
1.19,1.69,18.6,31.5,0.0319,0.136,0.0349,0.0993,0.651,2.44
1.7,2.07,14.7,27.4,0.021,0.0941,0.0238,0.0514,0.182,1.35
1.31,1.6,25.1,32.1,0.0222,0.149,0.0391,0.0902,0.236,1.74
1.61,2.07,18.4,28.1,0.0275,0.101,0.0324,0.107,0.179,1.51
1.25,1.52,17.6,23.4,0.0223,0.127,0.0284,0.0779,0.421,1.44
1.25,1.51,16.8,26.3,0.0388,0.111,0.038,0.0974,0.331,1.21
1.28,1.83,16.2,31.0,0.0296,0.141,0.0358,0.0917,0.272,1.42
1.15,1.5,22.1,34.6,0.0235,0.142,0.0401,0.102,0.451,2.23
1.64,1.83,13.7,19.2,0.0115,0.0924,0.0231,0.0457,0.0491,1.46
1.5,1.74,13.5,24.2,0.0153,0.167,0.0237,0.0663,0.354,1.02
1.35,1.66,21.4,35.2,0.0784,0.184,0.0293,0.0874,1.3,4.47
1.44,2.8,25.2,46.6,0.0883,0.553,0.0355,0.0899,0.436,2.14
1.19,1.57,11.0,21.6,0.0233,0.0883,0.0405,0.147,0.122,1.64
1.37,1.97,30.9,49.8,0.0328,0.11,0.0378,0.122,1.37,3.9
1.22,2.03,26.1,50.5,0.0828,0.351,0.0443,0.102,0.852,4.76
1.43,2.78,11.6,22.7,0.0432,0.231,0.0301,0.0917,0.116,1.1
1.56,1.87,9.61,13.0,0.00815,0.0893,0.0213,0.0505,0.0925,0.924
1.71,1.92,14.6,22.1,0.0269,0.103,0.0244,0.0513,0.178,1.05
1.19,1.69,18.6,31.5,0.0319,0.136,0.0349,0.0993,0.651,2.44
1.3,1.91,21.1,34.8,0.0262,0.114,0.0343,0.0806,0.26,1.83
1.17,1.68,20.3,32.5,0.0513,0.152,0.0399,0.0985,0.54,2.43
1.42,1.72,46.6,55.4,0.0168,0.207,0.0516,0.103,0.098,1.31
1.5,1.97,24.2,44.2,0.0546,0.155,0.0389,0.284,0.935,4.21
1.23,1.38,17.1,24.3,0.031,0.107,0.0399,0.102,0.327,1.31
1.24,1.53,17.0,23.7,0.0165,0.0965,0.0271,0.064,0.463,1.7
1.41,1.91,18.9,27.4,0.0315,0.111,0.0309,0.0663,0.168,2.05
1.7,2.07,14.7,27.4,0.021,0.0941,0.0238,0.0514,0.182,1.35
1.54,1.8,14.4,20.9,0.009,0.0942,0.0273,0.0731,0.073,1.3
1.37,1.97,30.9,49.8,0.0328,0.11,0.0378,0.122,1.37,3.9
1.32,1.66,15.4,19.7,0.0208,0.114,0.0306,0.0555,0.0451,0.461
1.16,1.77,17.8,31.4,0.0707,0.191,0.0409,0.17,0.54,2.12
1.31,1.87,26.5,34.7,0.0138,0.127,0.0403,0.0824,0.234,1.16
1.3,1.61,21.0,38.0,0.0234,0.119,0.0326,0.111,0.4,2.0
1.3,2.06,18.4,31.6,0.0638,0.179,0.0391,0.494,0.988,4.57
1.4,1.81,9.35,14.4,0.00944,0.09,0.0211,0.0496,0.11,0.795
1.19,1.69,18.6,31.5,0.0319,0.136,0.0349,0.0993,0.651,2.44
1.31,1.87,20.8,37.6,0.0426,0.135,0.033,0.0993,0.629,2.44
1.71,2.11,14.4,20.0,0.019,0.128,0.0231,0.0743,0.249,1.0
1.44,1.79,15.9,26.5,0.0189,0.125,0.032,0.103,0.0777,0.894
1.3,1.61,21.0,38.0,0.0234,0.119,0.0326,0.111,0.4,2.0
1.87,2.09,15.8,23.1,0.0152,0.0963,0.0242,0.0559,0.132,0.91
1.3,1.92,20.5,28.0,0.0132,0.109,0.0371,0.0985,0.15,1.17
1.69,2.01,25.7,32.8,0.0119,0.135,0.0313,0.0597,0.138,1.86
1.37,1.97,30.9,49.8,0.0328,0.11,0.0378,0.122,1.37,3.9
1.55,1.73,19.6,25.4,0.0177,0.117,0.0291,0.0653,0.24,1.87
1.36,1.86,20.4,35.6,0.0454,0.129,0.0357,0.135,0.395,1.83
1.34,1.98,17.8,36.4,0.056,0.13,0.0448,0.221,0.37,2.13
1.04,1.51,14.5,22.3,0.0173,0.0961,0.0434,0.158,0.157,1.1
1.17,1.54,21.6,29.5,0.0251,0.127,0.0424,0.0955,0.706,2.82
1.29,1.51,25.9,47.5,0.0133,0.128,0.0398,0.0814,0.279,3.22
2.46,3.28,9.75,15.6,0.0063,0.0724,0.0685,0.13,0.216,0.912
1.62,2.22,4.13,10.6,0.028,0.109,0.0137,0.112,0.0709,0.715
1.26,1.55,16.6,26.1,0.0321,0.104,0.0361,0.124,0.406,1.79
1.62,2.53,14.5,23.7,0.024,0.105,0.0315,0.125,0.148,1.42
1.4,1.65,23.6,38.1,0.0513,0.145,0.0364,0.0728,0.904,4.1
1.34,1.64,16.8,22.9,0.023,0.103,0.0313,0.133,0.153,1.2
1.32,1.72,14.9,23.5,0.0349,0.1,0.0307,0.13,0.245,1.34
1.14,1.63,17.4,31.4,0.0739,0.193,0.0412,0.171,0.529,2.12
1.13,1.61,19.9,30.1,0.0953,0.166,0.0434,0.139,0.73,2.34
1.21,1.66,14.7,19.5,0.0231,0.121,0.0307,0.0782,0.147,0.921
1.76,2.0,22.6,28.3,0.0271,0.103,0.0299,0.0771,0.249,1.17
1.28,1.6,18.3,30.5,0.0636,0.217,0.0378,0.498,1.1,4.56
1.2,1.4,24.4,37.7,0.0274,0.125,0.06,0.312,0.694,4.06
1.21,1.64,8.5,14.6,0.0258,0.0879,0.0228,0.0703,0.248,1.53
1.37,1.97,30.9,49.8,0.0328,0.11,0.0378,0.122,1.37,3.9
1.74,2.25,20.6,28.8,0.0148,0.102,0.0245,0.0529,0.34,1.52
1.16,1.55,15.5,22.2,0.0298,0.125,0.0296,0.0962,0.533,1.49
1.59,2.14,20.1,29.9,0.0109,0.121,0.0282,0.0564,0.0569,0.852
1.37,1.97,30.9,49.8,0.0328,0.11,0.0378,0.122,1.37,3.9
1.25,1.63,16.3,21.7,0.0229,0.106,0.0328,0.114,0.381,1.52
1.37,1.97,30.9,49.8,0.0328,0.11,0.0378,0.122,1.37,3.9
1.21,1.75,17.0,22.3,0.0266,0.11,0.039,0.132,0.128,0.792
1.49,1.77,21.8,34.7,0.0274,0.101,0.0368,0.0787,0.642,2.24
1.62,2.08,22.2,30.0,0.024,0.135,0.0414,0.0886,0.0707,0.762
1.43,1.7,9.13,13.1,0.0159,0.0838,0.0206,0.0419,0.114,1.13
1.63,1.96,28.2,37.5,0.0131,0.135,0.0341,0.0744,0.23,2.1
1.21,1.66,14.7,19.5,0.0231,0.121,0.0307,0.0782,0.147,0.921
1.37,1.97,30.9,49.8,0.0328,0.11,0.0378,0.122,1.37,3.9
1.1,1.29,17.9,23.2,0.0135,0.132,0.0372,0.086,0.121,1.86
1.37,1.97,30.9,49.8,0.0328,0.11,0.0378,0.122,1.37,3.9
1.28,1.63,23.3,36.1,0.0159,0.122,0.0392,0.0757,0.328,1.35
1.35,1.57,13.7,18.7,0.00853,0.101,0.0262,0.0505,0.136,1.04
1.3,2.18,11.4,21.3,0.0305,0.128,0.0254,0.0755,0.171,0.901
1.91,2.05,19.7,27.1,0.0126,0.0864,0.0264,0.0518,0.547,3.09
1.63,2.07,13.5,20.9,0.0326,0.0943,0.0281,0.093,0.195,1.32
1.36,1.6,18.3,24.4,0.0191,0.102,0.0314,0.126,0.122,1.12
1.24,1.4,16.0,24.0,0.0453,0.108,0.0382,0.104,0.387,1.47
1.49,2.35,6.29,14.1,0.157,0.19,0.0212,0.0852,0.089,1.1
1.47,1.74,21.7,32.1,0.0108,0.119,0.0347,0.071,0.0667,2.96
1.09,1.31,24.5,40.5,0.0353,0.132,0.0459,0.106,0.322,2.91
1.37,1.97,30.9,49.8,0.0328,0.11,0.0378,0.122,1.37,3.9
1.48,1.73,17.0,22.8,0.025,0.109,0.0289,0.0872,0.173,1.21
1.48,1.66,23.2,30.0,0.0137,0.128,0.0288,0.0551,0.194,1.02
1.28,1.48,30.0,37.8,0.0171,0.16,0.0403,0.0845,0.219,1.75
1.34,1.89,14.6,24.8,0.0215,0.122,0.0343,0.124,0.0965,0.972
1.21,2.0,13.6,24.1,0.0372,0.129,0.0356,0.134,0.137,1.01
1.17,1.54,21.6,29.5,0.0251,0.127,0.0424,0.0955,0.706,2.82
1.26,1.5,29.6,38.0,0.0192,0.12,0.0389,0.0941,0.454,2.34
1.44,2.04,17.1,25.5,0.025,0.108,0.032,0.078,0.487,1.67
1.14,1.4,15.7,20.9,0.014,0.113,0.0335,0.0794,0.371,2.44
1.3,1.61,21.0,38.0,0.0234,0.119,0.0326,0.111,0.4,2.0
1.28,1.56,19.5,30.9,0.0485,0.162,0.0361,0.37,0.866,4.47
1.08,1.56,19.1,29.8,0.0988,0.168,0.0445,0.152,0.719,2.34
1.37,1.97,30.9,49.8,0.0328,0.11,0.0378,0.122,1.37,3.9
1.37,1.97,30.9,49.8,0.0328,0.11,0.0378,0.122,1.37,3.9
1.49,1.81,20.6,35.1,0.0188,0.152,0.0383,0.0886,0.106,1.22
1.3,1.67,15.8,22.2,0.0139,0.114,0.0315,0.0783,0.123,1.34
1.66,1.84,19.1,25.1,0.0349,0.128,0.0258,0.0533,0.319,1.5
1.56,1.94,20.1,26.8,0.0229,0.115,0.0293,0.064,0.268,1.86
1.2,1.36,12.7,16.7,0.0115,0.0992,0.0264,0.054,0.18,1.15
1.47,1.72,22.7,29.8,0.0163,0.119,0.0396,0.104,0.308,1.26
1.34,1.55,20.8,25.7,0.035,0.131,0.037,0.0932,0.122,1.06
1.15,2.69,10.3,17.9,0.0286,0.134,0.0349,0.192,0.463,2.35
1.4,2.15,22.3,29.1,0.0142,0.133,0.0355,0.082,0.103,1.25
1.47,1.98,14.8,20.7,0.0141,0.144,0.0318,0.0731,0.156,1.28
1.32,1.54,27.1,36.7,0.0191,0.149,0.0401,0.0946,0.396,2.74
1.3,1.61,21.0,38.0,0.0234,0.119,0.0326,0.111,0.4,2.0
1.37,1.97,30.9,49.8,0.0328,0.11,0.0378,0.122,1.37,3.9
1.59,1.82,17.8,26.5,0.012,0.113,0.0307,0.082,0.172,1.13
1.5,1.75,16.0,26.6,0.0302,0.142,0.0347,0.0875,0.206,1.37
0.976,1.14,21.8,28.2,0.0139,0.131,0.0455,0.0905,0.255,1.15
1.27,1.79,15.5,26.4,0.0307,0.141,0.0355,0.0911,0.25,1.47
1.67,1.92,12.5,18.4,0.0143,0.0845,0.0189,0.0748,0.0668,1.54
1.03,1.48,22.6,34.1,0.0174,0.111,0.0454,0.11,0.382,2.86
1.31,1.69,24.7,32.3,0.0139,0.142,0.0422,0.0839,0.19,1.04
1.31,1.61,20.9,29.7,0.0283,0.122,0.0375,0.0831,0.159,0.965
1.2,1.55,16.6,25.6,0.0189,0.118,0.0365,0.115,0.168,1.58
1.37,1.97,30.9,49.8,0.0328,0.11,0.0378,0.122,1.37,3.9
1.82,2.03,24.5,39.8,0.0196,0.12,0.0278,0.0842,0.289,1.74
1.31,2.07,16.9,28.7,0.0659,0.119,0.0333,0.0881,0.303,2.33
1.64,1.8,22.1,35.8,0.0189,0.104,0.0295,0.0653,0.152,1.65
1.46,1.62,20.2,24.2,0.01,0.12,0.032,0.0586,0.117,0.84
1.81,2.74,17.8,39.4,0.0402,0.179,0.0249,0.0924,0.662,3.33
1.38,1.93,7.88,13.4,0.0437,0.127,0.0235,0.104,0.267,1.47
1.1,2.58,9.21,19.8,0.0526,0.151,0.0323,0.122,0.212,1.38
1.3,1.87,9.21,18.1,0.0544,0.102,0.024,0.0929,0.324,1.93
1.77,2.54,6.27,18.1,0.019,0.0915,0.0296,0.236,0.217,1.38
1.01,1.35,7.45,9.89,0.00816,0.0849,0.0329,0.0747,0.0576,0.436
1.27,1.67,20.0,40.7,0.0218,0.11,0.0329,0.078,0.904,1.25
1.37,1.97,30.9,49.8,0.0328,0.11,0.0378,0.122,1.37,3.9
1.28,1.59,15.3,23.8,0.0122,0.128,0.0312,0.0673,0.188,1.31
1.35,1.59,14.9,34.3,0.0219,0.124,0.0303,0.196,0.206,1.75
1.37,1.97,30.9,49.8,0.0328,0.11,0.0378,0.122,1.37,3.9
1.34,1.64,27.0,49.8,0.0156,0.127,0.0423,0.145,0.0422,0.583
1.38,3.59,20.3,55.8,0.0327,0.118,0.0386,0.142,0.628,2.13
1.55,1.73,19.6,25.4,0.0177,0.117,0.0291,0.0653,0.24,1.87
1.95,2.47,13.9,20.1,0.0128,0.0871,0.0176,0.0686,0.0514,1.45
1.37,1.97,30.9,49.8,0.0328,0.11,0.0378,0.122,1.37,3.9
1.82,2.19,25.6,37.3,0.0364,0.12,0.0298,0.26,0.621,4.06
1.67,2.46,4.49,10.6,0.0274,0.0788,0.0151,0.113,0.231,2.13
1.37,1.97,30.9,49.8,0.0328,0.11,0.0378,0.122,1.37,3.9
1.29,1.5,13.5,17.2,0.00856,0.0896,0.0282,0.0513,0.0298,0.345
1.48,1.78,13.1,24.6,0.014,0.0994,0.0289,0.151,0.0597,0.501
1.23,1.68,9.36,13.6,0.0104,0.0854,0.0232,0.0491,0.253,1.6
1.04,1.66,8.45,11.1,0.00964,0.0782,0.0242,0.0493,0.134,1.31
1.37,1.97,30.9,49.8,0.0328,0.11,0.0378,0.122,1.37,3.9
1.22,1.55,17.0,25.6,0.0277,0.118,0.0364,0.115,0.178,1.52
1.46,1.93,22.8,37.6,0.122,0.339,0.0334,0.167,0.154,1.69
2.22,2.5,19.4,25.3,0.011,0.116,0.0215,0.0453,0.118,0.607
1.82,2.43,7.0,8.5,0.00805,0.0679,0.0154,0.0395,0.034,0.464
1.56,1.81,16.0,22.6,0.0164,0.112,0.0345,0.0725,0.0773,1.27
1.13,1.29,8.3,17.1,0.00822,0.08,0.0254,0.0691,0.0853,0.625
1.25,2.04,14.3,23.5,0.0329,0.102,0.0312,0.0763,0.0979,0.741
1.29,2.07,16.6,28.6,0.0573,0.116,0.0336,0.0886,0.285,2.33
1.14,1.59,11.3,23.4,0.0207,0.12,0.0253,0.0771,0.355,1.97
1.42,1.79,13.2,19.9,0.00955,0.0909,0.0273,0.05,0.163,1.59
1.31,1.68,18.5,39.3,0.0267,0.11,0.0292,0.0669,0.956,1.33
1.38,2.24,23.0,52.7,0.0156,0.168,0.0512,0.299,0.344,1.94
1.01,1.5,14.1,19.8,0.00926,0.0952,0.0442,0.158,0.156,1.1
1.75,1.96,16.0,20.6,0.00837,0.107,0.0234,0.0494,0.0249,0.329
1.75,2.33,20.3,32.6,0.0182,0.114,0.0271,0.0926,0.117,1.12
1.6,2.06,9.85,21.4,0.0241,0.0963,0.0252,0.184,0.147,1.14
1.23,1.67,20.6,29.2,0.0176,0.121,0.0397,0.139,0.365,1.41
1.36,1.58,13.4,18.2,0.0221,0.105,0.0268,0.0486,0.215,1.54
1.18,2.04,24.5,40.2,0.0333,0.125,0.0435,0.0803,0.421,2.39
1.32,1.95,17.8,26.6,0.0456,0.117,0.0318,0.0831,0.524,2.37
1.21,1.66,14.7,19.5,0.0231,0.121,0.0307,0.0782,0.147,0.921
1.77,2.04,16.5,25.3,0.0141,0.0871,0.0204,0.0602,0.71,3.33
1.21,1.66,14.8,20.1,0.0264,0.12,0.0306,0.0704,0.177,1.05
1.33,1.56,22.3,34.5,0.0126,0.131,0.0356,0.0716,0.0391,0.548
1.89,2.15,15.2,22.4,0.016,0.106,0.0225,0.0565,0.0946,1.31
1.08,1.42,14.3,17.5,0.0099,0.117,0.0325,0.0773,0.329,1.29
1.21,1.61,12.8,23.6,0.013,0.0916,0.0256,0.0576,0.216,1.16
1.32,3.06,23.6,47.4,0.0476,0.22,0.0436,0.128,0.794,4.04
1.64,1.99,11.4,16.1,0.00868,0.0825,0.021,0.0519,0.202,1.02
1.39,1.79,21.4,36.6,0.0233,0.131,0.039,0.104,0.204,2.32
1.71,2.98,8.32,13.8,0.0459,0.225,0.0163,0.0368,0.0601,0.416
1.18,1.39,7.5,8.99,0.00664,0.0737,0.0242,0.048,0.0225,0.319
1.42,2.15,22.9,41.5,0.0716,0.235,0.0371,0.122,0.375,2.0
1.55,1.87,28.4,39.0,0.015,0.151,0.0349,0.0703,0.157,1.2
1.2,1.42,7.89,12.5,0.00696,0.0796,0.0236,0.0518,0.0632,0.725
1.1,1.38,15.1,18.8,0.0115,0.111,0.0315,0.0634,0.208,1.66
1.18,1.55,10.6,15.4,0.0157,0.101,0.0319,0.0773,0.158,1.11
1.27,1.7,14.6,20.2,0.0152,0.0992,0.0296,0.0625,0.143,1.31
1.28,1.53,13.4,17.8,0.00857,0.107,0.0282,0.0532,0.0319,0.396
1.39,1.85,7.42,13.9,0.0112,0.0672,0.0189,0.0467,0.304,1.05
1.43,1.79,17.0,26.5,0.00959,0.104,0.0292,0.0647,0.0515,0.619
1.37,2.2,15.6,21.9,0.0177,0.112,0.0297,0.0674,0.062,0.737
1.24,1.7,15.7,30.2,0.0204,0.149,0.0307,0.074,0.139,1.45
1.04,1.27,17.1,21.7,0.0104,0.118,0.039,0.0792,0.228,1.09
1.23,1.75,11.9,24.2,0.129,0.463,0.0236,0.0896,0.444,1.3
1.28,1.5,8.69,12.7,0.0114,0.0859,0.0223,0.0541,0.394,1.39
1.12,1.6,8.86,15.5,0.00785,0.0771,0.0248,0.0474,0.0855,1.05
1.18,1.55,10.6,15.4,0.0157,0.101,0.0319,0.0773,0.158,1.11
1.06,1.62,15.7,27.3,0.0448,0.107,0.0355,0.212,0.375,2.49
1.03,1.44,10.1,13.2,0.0105,0.0828,0.0311,0.0577,0.0788,0.849
1.72,2.37,8.87,12.6,0.02,0.0802,0.0194,0.04,0.0647,0.54
1.17,1.74,6.51,12.9,0.0105,0.0594,0.0233,0.0815,0.156,1.65
1.44,2.0,7.49,12.1,0.0108,0.0792,0.0191,0.0385,0.0941,0.622
1.43,1.99,5.73,14.2,0.023,0.0812,0.0171,0.107,0.184,0.615
1.12,1.5,15.2,19.4,0.0154,0.111,0.0314,0.0752,0.275,1.26
1.23,1.7,12.2,20.0,0.0227,0.0841,0.0237,0.0483,0.246,1.17
1.48,2.08,10.3,20.8,0.0559,0.178,0.0382,0.137,0.168,1.69
1.65,1.96,17.0,23.0,0.00956,0.124,0.0266,0.0628,0.047,0.674
2.35,3.08,6.81,14.5,0.0717,0.504,0.0141,0.0311,0.562,1.36
1.19,1.53,26.4,43.5,0.0338,0.158,0.0453,0.101,0.6,3.94
1.37,1.97,30.9,49.8,0.0328,0.11,0.0378,0.122,1.37,3.9
1.4,2.14,27.2,46.2,0.0639,0.142,0.0398,0.104,0.314,1.93
1.37,1.97,30.9,49.8,0.0328,0.11,0.0378,0.122,1.37,3.9
1.37,1.91,26.4,43.2,0.0217,0.113,0.0411,0.0986,0.539,2.04
1.37,1.97,30.9,49.8,0.0328,0.11,0.0378,0.122,1.37,3.9
1.59,1.77,28.1,40.4,0.0115,0.13,0.0335,0.0701,0.0587,0.795
1.27,1.73,21.6,40.9,0.0188,0.129,0.0399,0.155,0.268,2.14
1.29,1.65,21.1,29.7,0.0195,0.102,0.0365,0.0909,0.212,1.05
1.37,1.97,30.9,49.8,0.0328,0.11,0.0378,0.122,1.37,3.9
1.37,1.97,30.9,49.8,0.0328,0.11,0.0378,0.122,1.37,3.9
1.78,2.13,21.7,40.4,0.0213,0.12,0.051,0.199,0.202,1.72
1.32,1.62,21.5,39.6,0.0276,0.131,0.032,0.111,0.371,1.92
1.37,1.97,30.9,49.8,0.0328,0.11,0.0378,0.122,1.37,3.9
1.37,1.97,30.9,49.8,0.0328,0.11,0.0378,0.122,1.37,3.9
1.78,2.3,22.2,32.6,0.0302,0.12,0.0281,0.0574,0.166,1.88
1.3,1.61,21.0,38.0,0.0234,0.119,0.0326,0.111,0.4,2.0
1.27,1.67,15.2,20.7,0.0106,0.106,0.0302,0.0691,0.182,0.992
1.24,1.59,25.4,45.7,0.0213,0.12,0.0492,0.132,0.284,2.37
1.37,1.97,30.9,49.8,0.0328,0.11,0.0378,0.122,1.37,3.9
1.77,2.17,21.8,31.1,0.0328,0.117,0.0279,0.0631,0.188,2.03
1.37,1.97,30.9,49.8,0.0328,0.11,0.0378,0.122,1.37,3.9
1.63,1.98,27.5,44.3,0.0368,0.107,0.0362,0.115,0.566,3.69
1.72,2.07,15.0,27.4,0.0224,0.0942,0.0235,0.0514,0.18,1.35
1.35,1.59,20.4,33.9,0.0211,0.102,0.0323,0.0827,0.348,3.29
1.28,1.75,29.4,40.9,0.0277,0.116,0.0391,0.0988,0.507,2.36
1.68,1.81,15.4,23.0,0.0795,0.106,0.024,0.0508,0.221,1.07
1.6,1.75,18.7,22.2,0.0098,0.117,0.0279,0.0537,0.0694,0.704
1.25,1.65,11.2,18.1,0.0313,0.0795,0.0281,0.0715,0.229,1.36
1.37,1.97,30.9,49.8,0.0328,0.11,0.0378,0.122,1.37,3.9
1.37,1.97,30.9,49.8,0.0328,0.11,0.0378,0.122,1.37,3.9
1.37,1.97,30.9,49.8,0.0328,0.11,0.0378,0.122,1.37,3.9
1.45,2.77,21.6,38.5,0.0347,0.138,0.0332,0.101,0.424,3.29
1.37,1.78,22.2,34.3,0.0248,0.112,0.0331,0.0707,0.579,2.27
1.19,1.39,20.0,25.2,0.00968,0.108,0.0359,0.0738,0.181,1.87
0.99,1.79,15.2,30.4,0.0113,0.123,0.0419,0.0986,0.277,1.25
1.31,1.68,29.2,44.8,0.0153,0.131,0.0441,0.1,0.529,2.23
1.23,1.85,24.6,42.6,0.0556,0.157,0.0454,0.144,0.683,3.88
1.22,1.57,14.4,23.4,0.0233,0.129,0.0368,0.113,0.472,2.59
1.29,1.94,25.2,34.4,0.0982,0.203,0.0378,0.0997,0.464,4.7
1.37,1.97,30.9,49.8,0.0328,0.11,0.0378,0.122,1.37,3.9
1.37,1.97,30.9,49.8,0.0328,0.11,0.0378,0.122,1.37,3.9
1.22,1.67,24.2,48.6,0.0449,0.11,0.0415,0.12,0.699,3.88
1.24,1.64,14.4,26.1,0.0326,0.138,0.0356,0.0894,0.262,1.52
1.37,1.97,30.9,49.8,0.0328,0.11,0.0378,0.122,1.37,3.9
1.37,1.97,30.9,49.8,0.0328,0.11,0.0378,0.122,1.37,3.9
1.35,2.41,21.6,38.6,0.0268,0.12,0.0328,0.111,0.425,2.0
1.37,1.97,30.9,49.8,0.0328,0.11,0.0378,0.122,1.37,3.9
1.23,1.6,16.5,36.3,0.0208,0.106,0.0432,0.223,0.338,2.13
1.37,1.97,30.9,49.8,0.0328,0.11,0.0378,0.122,1.37,3.9
1.99,2.29,26.8,34.1,0.0192,0.123,0.0331,0.0728,0.117,1.57
1.25,1.53,18.2,37.3,0.0213,0.107,0.0433,0.225,0.32,1.94
1.83,2.05,13.5,19.0,0.016,0.0814,0.0228,0.0488,0.104,1.21
1.37,1.97,30.9,49.8,0.0328,0.11,0.0378,0.122,1.37,3.9
1.37,1.97,30.9,49.8,0.0328,0.11,0.0378,0.122,1.37,3.9
1.19,1.69,18.6,31.5,0.0319,0.136,0.0349,0.0993,0.651,2.44
1.32,1.53,21.0,30.5,0.0173,0.124,0.0358,0.0649,0.183,1.29
1.22,1.5,18.6,34.0,0.0231,0.106,0.035,0.0885,0.222,1.88
1.21,1.74,17.2,36.9,0.0304,0.147,0.0337,0.0768,0.834,6.03
1.2,1.55,16.6,25.6,0.0189,0.118,0.0365,0.115,0.168,1.58
1.33,2.32,18.2,33.1,0.0577,0.244,0.0378,0.106,0.407,2.22
1.82,2.85,27.6,47.2,0.0314,0.111,0.0311,0.11,0.527,2.18
1.37,1.97,30.9,49.8,0.0328,0.11,0.0378,0.122,1.37,3.9
1.37,1.97,30.9,49.8,0.0328,0.11,0.0378,0.122,1.37,3.9
1.76,2.75,15.6,27.6,0.0664,0.299,0.0341,0.253,0.331,2.33
1.26,1.88,23.5,35.0,0.0214,0.186,0.0428,0.146,0.268,1.49
1.37,1.97,30.9,49.8,0.0328,0.11,0.0378,0.122,1.37,3.9
1.32,2.13,17.3,34.4,0.0598,0.25,0.0363,0.12,0.382,3.57
1.29,2.07,10.7,16.1,0.00988,0.0839,0.0234,0.0611,0.364,1.47
1.51,1.82,17.1,23.3,0.0129,0.113,0.0288,0.0745,0.0789,1.13
1.57,1.9,26.1,36.2,0.0183,0.162,0.0371,0.107,0.203,1.31
1.29,1.84,25.0,35.4,0.0181,0.164,0.0413,0.128,0.222,1.35
1.37,1.97,30.9,49.8,0.0328,0.11,0.0378,0.122,1.37,3.9
1.46,2.04,23.8,33.0,0.0178,0.129,0.0317,0.058,0.211,2.03
1.24,1.47,18.4,28.1,0.0179,0.122,0.0359,0.0891,0.171,1.39
1.42,2.86,29.1,56.7,0.0702,0.187,0.0564,0.431,0.763,4.12
1.37,1.97,30.9,49.8,0.0328,0.11,0.0378,0.122,1.37,3.9
1.17,1.69,20.2,32.0,0.0249,0.141,0.0396,0.0929,0.0716,0.623
1.68,2.19,18.7,57.2,0.0553,0.296,0.0309,0.11,0.133,3.21
1.43,2.56,26.0,45.4,0.0699,0.139,0.0461,0.235,0.423,2.09
1.56,1.85,25.4,32.5,0.0204,0.119,0.0311,0.102,0.239,2.02
1.28,1.44,25.6,36.6,0.0137,0.13,0.0361,0.0969,0.589,3.23
1.49,1.8,21.9,29.8,0.014,0.105,0.0303,0.0572,0.41,2.91
1.37,1.97,30.9,49.8,0.0328,0.11,0.0378,0.122,1.37,3.9
1.37,1.97,30.9,49.8,0.0328,0.11,0.0378,0.122,1.37,3.9
1.37,1.97,30.9,49.8,0.0328,0.11,0.0378,0.122,1.37,3.9
1.37,1.97,30.9,49.8,0.0328,0.11,0.0378,0.122,1.37,3.9
1.42,2.33,24.7,53.9,0.0226,0.104,0.0401,0.295,0.27,1.77
1.2,1.77,19.2,40.7,0.0318,0.125,0.0407,0.162,0.417,2.19
1.38,2.9,22.9,38.1,0.0313,0.161,0.0406,0.107,0.621,3.18
1.47,1.75,29.8,48.2,0.0168,0.173,0.0342,0.0761,0.367,2.34
1.23,2.23,22.5,35.5,0.0699,0.286,0.0444,0.107,0.574,3.18
1.37,1.97,30.9,49.8,0.0328,0.11,0.0378,0.122,1.37,3.9
1.37,1.97,30.9,49.8,0.0328,0.11,0.0378,0.122,1.37,3.9
1.2,1.65,23.8,41.7,0.0409,0.113,0.0421,0.12,0.656,3.88
1.37,1.97,30.9,49.8,0.0328,0.11,0.0378,0.122,1.37,3.9
1.47,1.93,17.0,24.4,0.0161,0.112,0.0279,0.0638,0.161,1.66
1.45,2.62,16.8,30.4,0.0448,0.125,0.0343,0.0834,0.452,2.17
1.37,1.77,25.0,29.5,0.0133,0.14,0.0404,0.0916,0.163,0.999
1.37,1.97,30.9,49.8,0.0328,0.11,0.0378,0.122,1.37,3.9
1.37,1.97,30.9,49.8,0.0328,0.11,0.0378,0.122,1.37,3.9
1.37,1.97,30.9,49.8,0.0328,0.11,0.0378,0.122,1.37,3.9
1.37,1.97,30.9,49.8,0.0328,0.11,0.0378,0.122,1.37,3.9
1.89,2.51,30.3,47.3,0.0248,0.107,0.027,0.0693,0.481,1.94
1.44,1.76,30.5,55.9,0.0181,0.125,0.0468,0.205,0.161,1.47
1.37,1.97,30.9,49.8,0.0328,0.11,0.0378,0.122,1.37,3.9
1.37,1.97,30.9,49.8,0.0328,0.11,0.0378,0.122,1.37,3.9
1.43,2.15,15.9,29.5,0.0195,0.105,0.0274,0.0545,0.0932,0.676
1.37,1.97,30.9,49.8,0.0328,0.11,0.0378,0.122,1.37,3.9
1.26,1.57,19.6,38.0,0.0159,0.103,0.0418,0.196,0.3,2.05
1.37,1.97,30.9,49.8,0.0328,0.11,0.0378,0.122,1.37,3.9
1.62,2.13,22.5,36.8,0.105,0.292,0.0306,0.102,0.518,2.3
1.26,1.92,19.3,31.5,0.0363,0.119,0.0349,0.0993,0.657,2.44
1.37,1.97,30.9,49.8,0.0328,0.11,0.0378,0.122,1.37,3.9
1.37,1.97,30.9,49.8,0.0328,0.11,0.0378,0.122,1.37,3.9
1.34,1.83,18.3,25.1,0.0142,0.127,0.0304,0.0626,0.121,1.03
1.37,1.97,30.9,49.8,0.0328,0.11,0.0378,0.122,1.37,3.9
1.37,1.97,30.9,49.8,0.0328,0.11,0.0378,0.122,1.37,3.9
1.37,1.97,30.9,49.8,0.0328,0.11,0.0378,0.122,1.37,3.9
1.46,1.73,28.0,39.2,0.0252,0.143,0.0427,0.0892,0.3,2.5
1.41,1.77,25.0,38.2,0.0301,0.139,0.0381,0.114,0.447,2.75
1.37,1.97,30.9,49.8,0.0328,0.11,0.0378,0.122,1.37,3.9
1.37,1.97,30.9,49.8,0.0328,0.11,0.0378,0.122,1.37,3.9
1.37,1.97,30.9,49.8,0.0328,0.11,0.0378,0.122,1.37,3.9
1.74,2.23,20.9,32.0,0.0154,0.117,0.0305,0.0986,0.119,1.16
1.27,1.52,8.28,12.1,0.0111,0.0828,0.0217,0.0537,0.35,1.4
1.45,2.19,23.0,36.0,0.0536,0.141,0.0804,0.463,0.435,2.97
1.14,1.58,21.4,34.1,0.0217,0.164,0.0422,0.107,0.573,3.18
1.31,1.74,25.4,33.7,0.0197,0.133,0.0377,0.0792,0.358,1.96
1.39,2.12,32.1,49.4,0.0231,0.121,0.0392,0.0968,0.424,2.3
1.37,1.97,30.9,49.8,0.0328,0.11,0.0378,0.122,1.37,3.9
1.24,1.52,20.0,34.3,0.0195,0.11,0.0356,0.0924,0.189,1.82
1.38,1.98,18.6,29.4,0.0433,0.127,0.034,0.0886,0.209,1.93
1.36,1.6,24.7,40.2,0.0163,0.134,0.0339,0.0686,0.245,1.6
1.37,1.97,30.9,49.8,0.0328,0.11,0.0378,0.122,1.37,3.9
1.33,1.72,20.2,34.0,0.0209,0.12,0.0338,0.0705,0.261,2.74
1.37,1.97,30.9,49.8,0.0328,0.11,0.0378,0.122,1.37,3.9
1.37,1.97,30.9,49.8,0.0328,0.11,0.0378,0.122,1.37,3.9
1.8,1.93,32.3,40.7,0.0147,0.122,0.0349,0.0613,0.233,1.72
1.17,1.43,14.4,18.6,0.00995,0.106,0.0299,0.0546,0.207,1.37
1.48,1.84,24.9,57.8,0.0152,0.139,0.0353,0.0869,0.395,2.95
1.47,3.61,28.5,59.5,0.136,0.831,0.0417,0.102,0.713,4.1
1.42,2.33,18.2,34.9,0.0956,0.246,0.0376,0.119,0.269,2.33
1.37,1.97,30.9,49.8,0.0328,0.11,0.0378,0.122,1.37,3.9
1.37,1.97,30.9,49.8,0.0328,0.11,0.0378,0.122,1.37,3.9
1.48,2.08,23.4,35.3,0.0126,0.128,0.0352,0.0834,0.204,2.28
1.72,2.31,10.9,19.9,0.0226,0.085,0.0215,0.0644,0.157,1.46
1.37,1.97,30.9,49.8,0.0328,0.11,0.0378,0.122,1.37,3.9
1.37,1.97,30.9,49.8,0.0328,0.11,0.0378,0.122,1.37,3.9
1.33,2.34,11.8,21.6,0.031,0.0853,0.0415,0.147,0.135,1.64
1.13,1.29,21.2,27.6,0.0224,0.11,0.0371,0.128,0.298,2.37
1.58,1.93,22.3,35.6,0.02,0.113,0.0317,0.0846,0.16,1.67
1.3,1.57,20.6,30.2,0.0171,0.123,0.0375,0.0819,0.161,0.993
1.37,1.97,30.9,49.8,0.0328,0.11,0.0378,0.122,1.37,3.9
1.37,1.97,30.9,49.8,0.0328,0.11,0.0378,0.122,1.37,3.9
1.37,1.97,30.9,49.8,0.0328,0.11,0.0378,0.122,1.37,3.9
1.26,1.6,30.0,42.5,0.0126,0.156,0.0432,0.106,0.128,1.39
1.33,1.66,22.4,61.1,0.0235,0.129,0.0346,0.0868,0.296,1.93
1.54,2.23,20.1,30.7,0.0569,0.267,0.0352,0.0774,0.118,3.06
1.21,1.67,20.9,45.2,0.0471,0.19,0.0395,0.127,0.382,2.06
1.37,1.97,30.9,49.8,0.0328,0.11,0.0378,0.122,1.37,3.9
1.21,1.63,21.9,31.8,0.0117,0.122,0.0388,0.0775,0.0973,0.977
1.34,1.61,18.8,27.4,0.0166,0.119,0.0343,0.102,0.13,1.31
1.37,1.97,30.9,49.8,0.0328,0.11,0.0378,0.122,1.37,3.9
1.37,1.97,30.9,49.8,0.0328,0.11,0.0378,0.122,1.37,3.9
1.61,2.09,14.2,19.7,0.0173,0.123,0.0222,0.0682,0.264,1.09
1.8,2.49,24.7,32.0,0.0133,0.125,0.0358,0.0734,0.185,0.995
1.75,2.13,28.5,50.4,0.02,0.173,0.0308,0.0685,0.0985,1.48
1.5,1.85,15.3,27.3,0.0142,0.0853,0.0272,0.0718,0.219,1.8
1.62,1.89,19.4,37.6,0.0166,0.114,0.0384,0.207,0.248,1.92
1.29,1.88,10.8,18.6,0.0373,0.0967,0.0255,0.0658,0.25,1.39
1.28,1.83,17.9,33.1,0.039,0.112,0.0362,0.102,0.398,1.81
1.21,1.66,14.7,19.5,0.0231,0.121,0.0307,0.0782,0.147,0.921
1.71,2.07,15.4,28.1,0.0383,0.0974,0.0249,0.0555,0.168,1.3
2.21,2.55,30.4,40.8,0.0239,0.141,0.0248,0.0744,0.327,2.0
1.56,1.97,20.9,26.4,0.0164,0.122,0.03,0.0667,0.215,1.75
1.23,1.67,20.6,29.2,0.0176,0.121,0.0397,0.139,0.365,1.41
1.25,1.46,21.3,32.9,0.0204,0.136,0.0391,0.0811,0.178,1.46
1.13,1.54,29.7,57.3,0.0344,0.192,0.0544,0.258,0.361,2.28
1.37,1.97,30.9,49.8,0.0328,0.11,0.0378,0.122,1.37,3.9
1.25,1.62,15.5,26.5,0.0305,0.146,0.0351,0.0941,0.367,1.9
1.35,2.06,21.5,31.2,0.019,0.125,0.0371,0.0834,0.47,2.73
1.37,1.97,30.9,49.8,0.0328,0.11,0.0378,0.122,1.37,3.9
1.16,1.77,12.8,25.4,0.0269,0.108,0.0301,0.078,0.226,1.73
1.69,2.11,14.2,21.8,0.0106,0.112,0.0249,0.103,0.0901,0.979
1.8,2.06,14.8,24.7,0.0227,0.098,0.0214,0.0497,0.115,0.959
1.23,1.6,16.5,36.3,0.0208,0.106,0.0432,0.223,0.338,2.13
1.18,1.77,18.7,40.7,0.0214,0.122,0.0409,0.162,0.359,2.19
1.37,1.97,30.9,49.8,0.0328,0.11,0.0378,0.122,1.37,3.9
1.25,1.61,21.1,28.8,0.0112,0.12,0.0367,0.0938,0.256,2.51
1.26,1.66,19.8,28.0,0.0181,0.122,0.0348,0.0813,0.213,1.9
1.41,2.93,26.4,44.6,0.0326,0.144,0.04,0.089,0.328,3.3
1.24,1.55,24.0,34.4,0.0125,0.133,0.038,0.0997,0.419,4.7
1.24,1.64,14.4,26.1,0.0326,0.138,0.0356,0.0894,0.262,1.52
1.05,1.72,8.61,45.1,0.0856,0.408,0.0317,0.131,0.245,3.34
1.37,1.97,30.9,49.8,0.0328,0.11,0.0378,0.122,1.37,3.9
1.27,1.69,15.1,19.8,0.0111,0.118,0.029,0.0579,0.895,2.1
1.61,1.85,20.6,29.2,0.00959,0.0986,0.0295,0.0611,0.12,0.866
1.16,1.54,24.4,39.6,0.0422,0.186,0.0438,0.103,0.697,4.12
1.3,2.86,15.0,31.0,0.0766,0.139,0.0378,0.0961,0.461,1.93
1.37,1.97,30.9,49.8,0.0328,0.11,0.0378,0.122,1.37,3.9
1.37,1.97,30.9,49.8,0.0328,0.11,0.0378,0.122,1.37,3.9
1.23,1.67,20.6,29.2,0.0176,0.121,0.0397,0.139,0.365,1.41
1.21,1.61,21.4,30.0,0.0646,0.244,0.0377,0.0821,0.278,1.6
1.79,2.0,21.5,37.9,0.0146,0.117,0.0366,0.203,0.204,1.73
1.48,3.04,30.5,62.1,0.08,0.199,0.0608,0.513,0.802,4.12
1.37,1.97,30.9,49.8,0.0328,0.11,0.0378,0.122,1.37,3.9
1.49,3.03,18.9,56.7,0.0743,0.386,0.0289,0.0846,0.315,2.53
0.928,1.39,20.5,37.8,0.0345,0.145,0.0767,0.234,0.117,2.26
1.37,1.97,30.9,49.8,0.0328,0.11,0.0378,0.122,1.37,3.9
1.36,1.76,22.7,37.6,0.0304,0.14,0.0378,0.127,0.445,2.81
1.6,2.7,15.8,26.5,0.0529,0.171,0.0816,0.526,0.195,1.85
1.3,1.58,11.4,18.3,0.0108,0.0918,0.0274,0.0541,0.187,1.64
1.6,1.96,12.2,19.5,0.0293,0.0974,0.0218,0.0785,0.194,1.68
1.37,1.97,30.9,49.8,0.0328,0.11,0.0378,0.122,1.37,3.9
1.37,1.97,30.9,49.8,0.0328,0.11,0.0378,0.122,1.37,3.9
1.3,1.9,23.1,60.3,0.011,0.118,0.0399,0.12,0.0695,1.13
1.8,2.02,18.7,22.9,0.0106,0.111,0.0268,0.0681,0.241,1.33
1.22,1.34,40.6,53.9,0.015,0.169,0.0486,0.119,0.0426,0.492
1.35,1.52,28.4,42.5,0.0115,0.141,0.0396,0.0789,0.0281,0.461
1.14,1.38,6.6,9.97,0.00684,0.0812,0.0232,0.0583,0.204,1.6
1.34,1.72,29.5,40.7,0.0124,0.149,0.0398,0.0858,0.34,1.8
1.4,1.65,29.4,43.4,0.0169,0.142,0.0377,0.0719,0.305,2.1
2.11,2.98,24.8,34.7,0.0156,0.122,0.0358,0.0768,0.265,1.25
1.3,1.66,21.9,30.1,0.0155,0.122,0.0391,0.116,0.329,1.36
1.23,1.56,11.8,15.9,0.0136,0.104,0.0297,0.0634,0.137,1.01
1.13,1.29,21.2,27.6,0.0224,0.11,0.0371,0.128,0.298,2.37
2.24,2.53,32.9,42.1,0.0137,0.142,0.0276,0.0671,0.101,1.08
1.34,1.67,25.7,42.0,0.0204,0.148,0.038,0.0875,1.13,2.66
1.15,1.52,15.4,22.8,0.0197,0.0992,0.0287,0.0838,0.544,1.83
1.53,1.76,19.7,24.8,0.0176,0.1,0.028,0.058,0.385,1.46
1.37,1.97,30.9,49.8,0.0328,0.11,0.0378,0.122,1.37,3.9
1.61,2.2,20.8,33.1,0.0538,0.191,0.0321,0.0829,0.23,1.87
1.31,1.7,14.8,23.2,0.022,0.153,0.0303,0.0603,0.147,1.73
1.38,2.02,18.1,40.0,0.04,0.208,0.0324,0.102,0.225,3.93
1.68,3.2,17.8,37.7,0.0752,0.269,0.11,0.656,0.289,2.57
1.31,1.94,14.0,28.2,0.0264,0.122,0.0286,0.0663,0.138,1.88
1.75,3.05,11.6,19.0,0.0612,0.21,0.0224,0.0539,0.356,2.11
1.3,2.0,10.2,20.9,0.0325,0.167,0.0242,0.0549,0.122,1.0
1.36,1.83,22.6,35.4,0.0534,0.173,0.0327,0.115,0.308,1.88
1.2,1.55,16.6,25.6,0.0189,0.118,0.0365,0.115,0.168,1.58
1.37,1.97,30.9,49.8,0.0328,0.11,0.0378,0.122,1.37,3.9
1.55,1.73,19.6,25.4,0.0177,0.117,0.0291,0.0653,0.24,1.87
1.49,1.94,26.1,40.6,0.0263,0.115,0.0386,0.0805,0.1,1.71
1.3,1.91,26.5,41.8,0.0523,0.176,0.0413,0.098,0.692,3.96
1.39,1.65,30.2,55.4,0.0175,0.135,0.0413,0.0927,0.463,2.23
1.37,1.97,30.9,49.8,0.0328,0.11,0.0378,0.122,1.37,3.9
1.18,1.58,22.4,37.3,0.0349,0.189,0.0402,0.105,0.548,3.17
1.37,1.97,30.9,49.8,0.0328,0.11,0.0378,0.122,1.37,3.9
1.37,1.97,30.9,49.8,0.0328,0.11,0.0378,0.122,1.37,3.9
1.37,1.97,30.9,49.8,0.0328,0.11,0.0378,0.122,1.37,3.9
1.39,1.62,24.2,31.4,0.0208,0.126,0.0358,0.0815,0.603,2.57
1.37,1.97,30.9,49.8,0.0328,0.11,0.0378,0.122,1.37,3.9
1.37,1.97,30.9,49.8,0.0328,0.11,0.0378,0.122,1.37,3.9
1.55,2.1,27.2,43.0,0.0365,0.103,0.0368,0.118,0.584,3.71
1.37,1.97,30.9,49.8,0.0328,0.11,0.0378,0.122,1.37,3.9
1.54,1.98,17.7,28.1,0.0269,0.137,0.0332,0.0812,0.193,1.34
1.36,1.79,21.1,27.5,0.0129,0.123,0.0305,0.0652,0.163,0.898
1.19,1.58,23.0,35.5,0.0396,0.179,0.0405,0.104,0.938,3.18
1.26,1.86,25.5,43.7,0.0657,0.211,0.0408,0.124,0.927,4.78
1.37,1.97,30.9,49.8,0.0328,0.11,0.0378,0.122,1.37,3.9
1.23,2.15,22.8,39.8,0.0292,0.126,0.0437,0.1,0.694,2.82
1.25,1.54,17.4,33.1,0.0344,0.114,0.0368,0.106,0.389,1.81
1.21,2.26,22.7,40.3,0.0293,0.162,0.0436,0.107,0.562,3.18
1.37,1.97,30.9,49.8,0.0328,0.11,0.0378,0.122,1.37,3.9
1.33,1.71,20.0,30.0,0.0282,0.12,0.0335,0.0711,0.27,1.81
1.34,1.65,23.3,29.7,0.0113,0.134,0.0352,0.0743,0.132,1.82
1.3,1.62,17.5,25.6,0.0093,0.107,0.0305,0.0578,0.0943,1.28
1.5,2.23,29.7,43.2,0.0222,0.139,0.0368,0.0868,0.356,1.84
1.37,1.97,30.9,49.8,0.0328,0.11,0.0378,0.122,1.37,3.9
1.7,2.08,14.9,27.8,0.0302,0.0941,0.024,0.0515,0.185,1.36
1.6,2.11,37.3,76.9,0.0755,0.176,0.0391,0.107,0.25,2.98
1.91,2.23,38.2,47.7,0.032,0.188,0.0337,0.0732,0.477,3.44
1.45,2.33,19.8,32.4,0.0302,0.0978,0.0343,0.0809,0.202,1.51
1.37,1.97,30.9,49.8,0.0328,0.11,0.0378,0.122,1.37,3.9
2.17,2.43,23.6,31.9,0.0228,0.105,0.0257,0.0787,0.132,1.38
1.3,1.88,21.2,52.4,0.0259,0.152,0.039,0.0917,0.567,1.65
1.36,1.85,15.0,25.5,0.0427,0.153,0.0416,0.144,0.172,1.54
0.976,1.14,21.8,28.2,0.0139,0.131,0.0455,0.0905,0.255,1.15
1.71,1.92,18.4,27.4,0.0247,0.142,0.0303,0.0734,0.157,1.23
1.37,1.97,30.9,49.8,0.0328,0.11,0.0378,0.122,1.37,3.9
1.79,2.34,27.2,37.5,0.0143,0.145,0.0342,0.0767,0.296,2.14
1.28,1.78,26.4,40.9,0.0495,0.186,0.0546,0.183,0.744,4.12
1.33,1.55,19.4,28.7,0.0238,0.146,0.0341,0.0792,0.147,1.38
1.4,1.62,27.6,38.1,0.0175,0.169,0.0352,0.0835,0.348,2.72
1.37,1.97,30.9,49.8,0.0328,0.11,0.0378,0.122,1.37,3.9
1.25,1.51,28.4,36.8,0.0119,0.148,0.0415,0.104,0.384,4.57
1.37,1.97,30.9,49.8,0.0328,0.11,0.0378,0.122,1.37,3.9
1.88,2.53,31.0,50.1,0.0197,0.125,0.0324,0.142,0.214,1.18
1.72,2.02,21.7,31.9,0.0292,0.111,0.0274,0.108,0.26,2.05
1.21,1.74,18.9,45.2,0.00961,0.0842,0.0349,0.103,0.913,6.52
1.38,2.01,25.2,51.9,0.0245,0.111,0.0351,0.0863,0.298,3.14
2.12,3.07,26.3,39.2,0.0114,0.1,0.0253,0.0507,0.476,2.58
1.31,1.86,27.2,41.7,0.017,0.148,0.0412,0.125,0.293,1.6
1.37,1.97,30.9,49.8,0.0328,0.11,0.0378,0.122,1.37,3.9
1.3,1.95,20.0,34.3,0.021,0.104,0.0348,0.0803,0.268,1.81
1.6,2.49,24.3,36.0,0.0119,0.133,0.0324,0.0634,0.0654,0.695
1.2,1.55,30.2,53.8,0.0344,0.196,0.0506,0.128,0.652,4.12
1.36,1.73,21.7,34.5,0.0205,0.113,0.0393,0.0923,0.239,1.75
1.37,1.97,30.9,49.8,0.0328,0.11,0.0378,0.122,1.37,3.9
1.37,1.97,30.9,49.8,0.0328,0.11,0.0378,0.122,1.37,3.9
1.37,1.97,30.9,49.8,0.0328,0.11,0.0378,0.122,1.37,3.9
1.37,1.97,30.9,49.8,0.0328,0.11,0.0378,0.122,1.37,3.9
1.36,1.55,22.1,35.0,0.0161,0.106,0.0338,0.07,0.248,3.15
1.56,1.78,20.1,28.7,0.0177,0.114,0.0354,0.104,0.117,1.34
1.3,1.52,23.2,33.0,0.0224,0.134,0.0374,0.086,0.127,1.36
1.3,1.6,20.4,26.3,0.0134,0.116,0.0347,0.0738,0.2,1.33
1.22,1.5,18.6,34.0,0.0231,0.106,0.035,0.0885,0.222,1.88
1.31,1.52,20.8,27.7,0.0141,0.121,0.0356,0.0648,0.175,1.29
1.24,1.54,22.6,55.4,0.0559,0.178,0.0391,0.115,0.547,2.03
1.47,1.94,18.2,29.9,0.0147,0.112,0.0287,0.0563,0.09,1.22
1.62,2.22,23.6,38.4,0.0264,0.0998,0.03,0.0684,0.611,2.16
1.37,1.97,30.9,49.8,0.0328,0.11,0.0378,0.122,1.37,3.9
1.88,2.38,23.2,34.5,0.0205,0.107,0.0302,0.0737,0.112,1.14
1.82,2.14,38.6,49.9,0.0234,0.15,0.0361,0.0877,0.395,3.18
1.26,2.1,20.9,35.8,0.0451,0.124,0.036,0.103,0.836,3.39
1.37,1.97,30.9,49.8,0.0328,0.11,0.0378,0.122,1.37,3.9
1.2,1.79,21.8,34.0,0.0122,0.134,0.039,0.0795,0.191,1.49
1.37,1.97,30.9,49.8,0.0328,0.11,0.0378,0.122,1.37,3.9
1.19,1.69,18.6,31.5,0.0319,0.136,0.0349,0.0993,0.651,2.44
1.19,1.5,16.5,25.0,0.0201,0.123,0.0354,0.0803,0.188,1.43
1.16,1.54,24.4,39.6,0.0422,0.186,0.0438,0.103,0.697,4.12
1.37,1.97,30.9,49.8,0.0328,0.11,0.0378,0.122,1.37,3.9
1.29,1.77,17.5,23.7,0.0211,0.109,0.0321,0.0629,0.0935,0.651
1.3,1.61,21.0,38.0,0.0234,0.119,0.0326,0.111,0.4,2.0
1.45,1.98,20.1,28.8,0.0271,0.112,0.0311,0.0599,0.184,1.87
1.57,1.94,21.4,35.4,0.0266,0.0986,0.0335,0.0971,0.323,1.74
1.47,1.91,12.8,20.2,0.0115,0.102,0.0347,0.0641,0.132,0.824
1.37,1.97,30.9,49.8,0.0328,0.11,0.0378,0.122,1.37,3.9
1.37,1.97,30.9,49.8,0.0328,0.11,0.0378,0.122,1.37,3.9
1.26,1.88,23.5,35.0,0.0214,0.186,0.0428,0.146,0.268,1.49
1.37,1.97,30.9,49.8,0.0328,0.11,0.0378,0.122,1.37,3.9
1.73,2.74,13.6,22.0,0.0178,0.081,0.0238,0.127,0.0899,1.53
1.23,1.6,16.5,36.3,0.0208,0.106,0.0432,0.223,0.338,2.13
1.37,1.97,30.9,49.8,0.0328,0.11,0.0378,0.122,1.37,3.9
1.58,3.19,22.8,42.0,0.037,0.119,0.0313,0.105,0.492,2.11
1.48,1.68,39.7,52.6,0.0152,0.14,0.0384,0.085,0.212,1.33
1.57,2.24,23.5,52.7,0.0133,0.167,0.048,0.29,0.308,1.89
1.37,1.78,22.2,40.5,0.0742,0.156,0.0331,0.148,1.23,4.47
1.37,1.97,30.9,49.8,0.0328,0.11,0.0378,0.122,1.37,3.9
1.53,1.68,18.6,26.7,0.0168,0.116,0.0336,0.101,0.135,1.44
1.31,2.25,27.8,51.5,0.0334,0.197,0.0456,0.237,0.613,4.06
1.39,1.66,20.1,29.0,0.0156,0.126,0.0337,0.0932,0.114,1.22
1.19,1.5,16.5,25.0,0.0201,0.123,0.0354,0.0803,0.188,1.43
1.47,3.25,21.0,37.9,0.0994,0.557,0.0336,0.0881,0.243,1.88
1.44,1.89,24.6,36.9,0.0167,0.122,0.0382,0.0792,0.0803,0.733
1.37,1.97,30.9,49.8,0.0328,0.11,0.0378,0.122,1.37,3.9
1.41,1.75,18.7,29.4,0.0133,0.096,0.0333,0.0775,0.124,1.11
1.37,1.97,30.9,49.8,0.0328,0.11,0.0378,0.122,1.37,3.9
1.31,1.69,20.8,28.3,0.0124,0.134,0.0346,0.0732,0.0819,0.789
1.37,1.97,30.9,49.8,0.0328,0.11,0.0378,0.122,1.37,3.9
1.27,1.6,25.0,33.4,0.0109,0.125,0.0413,0.095,0.417,2.06
1.2,1.64,25.6,42.7,0.0675,0.186,0.0448,0.102,0.709,4.12
1.87,2.44,8.37,12.9,0.0316,0.104,0.019,0.0471,0.0549,0.337
1.32,1.83,17.3,25.0,0.0144,0.128,0.03,0.0596,0.121,1.07
1.37,1.97,30.9,49.8,0.0328,0.11,0.0378,0.122,1.37,3.9
1.41,2.17,21.5,35.9,0.0429,0.106,0.0614,0.339,0.375,2.45
1.66,2.24,26.9,40.2,0.0605,0.161,0.0353,0.152,0.481,1.86
1.25,1.54,26.6,36.6,0.0173,0.156,0.0395,0.0874,0.702,4.81
1.37,1.97,30.9,49.8,0.0328,0.11,0.0378,0.122,1.37,3.9
1.71,2.28,18.3,33.5,0.0295,0.157,0.0315,0.0987,0.285,2.32
1.59,3.24,26.2,55.4,0.102,0.389,0.04,0.129,0.794,6.08
1.29,1.87,11.7,30.1,0.0559,0.215,0.0383,0.242,0.225,2.3
1.37,1.97,30.9,49.8,0.0328,0.11,0.0378,0.122,1.37,3.9
1.29,1.57,20.3,27.5,0.0129,0.122,0.0374,0.0831,0.15,0.993
1.96,2.69,17.3,46.3,0.074,0.334,0.0293,0.115,0.255,3.07
1.85,2.38,25.6,39.7,0.0188,0.11,0.0287,0.0556,0.123,1.53
1.37,1.97,30.9,49.8,0.0328,0.11,0.0378,0.122,1.37,3.9
1.44,1.84,31.1,49.4,0.0138,0.121,0.0396,0.0782,0.078,0.848
1.65,1.92,28.7,35.9,0.012,0.153,0.0338,0.0704,0.05,0.674
1.83,2.09,20.6,34.7,0.0291,0.106,0.0297,0.0912,0.295,1.59
1.31,1.56,20.9,28.8,0.0143,0.118,0.0367,0.0888,0.135,0.982
1.39,1.79,21.4,36.6,0.0233,0.131,0.039,0.104,0.204,2.32
1.29,1.57,20.3,27.5,0.0129,0.122,0.0374,0.0831,0.15,0.993
1.45,1.67,22.5,39.0,0.0202,0.124,0.0314,0.084,0.318,1.84
1.48,2.07,18.5,28.8,0.0516,0.178,0.0481,0.201,0.142,0.897
1.37,1.97,30.9,49.8,0.0328,0.11,0.0378,0.122,1.37,3.9
1.59,2.01,17.2,26.5,0.0254,0.137,0.0316,0.0876,0.177,1.33
1.37,1.73,26.4,43.7,0.0146,0.121,0.0378,0.0779,0.221,1.63
1.37,1.97,30.9,49.8,0.0328,0.11,0.0378,0.122,1.37,3.9
1.27,1.55,20.8,27.6,0.01,0.119,0.0382,0.13,0.228,1.16
1.07,1.31,11.8,17.4,0.00833,0.0861,0.0302,0.0623,0.177,1.77
1.61,1.79,20.8,26.4,0.016,0.12,0.0294,0.0652,0.208,1.79
1.4,2.15,21.7,35.8,0.044,0.131,0.0323,0.0809,0.405,3.29
1.28,2.15,21.8,34.7,0.0113,0.118,0.0413,0.193,0.0859,1.22
1.52,1.87,26.8,36.5,0.0165,0.154,0.0377,0.0984,0.18,1.19
1.12,1.39,18.3,24.9,0.0197,0.13,0.0369,0.079,0.153,1.86
1.85,3.12,24.4,45.7,0.0238,0.0838,0.0367,0.0905,0.447,2.73
1.46,3.21,23.4,47.0,0.0665,0.345,0.04,0.141,0.389,2.06
1.5,1.67,23.7,34.3,0.0127,0.113,0.0346,0.092,0.165,1.51
1.36,1.58,25.3,36.4,0.0171,0.175,0.0387,0.106,0.411,2.76
1.16,1.54,24.4,39.6,0.0422,0.186,0.0438,0.103,0.697,4.12
1.2,1.65,23.8,41.7,0.0409,0.113,0.0421,0.12,0.656,3.88
1.24,1.73,15.4,28.9,0.0158,0.178,0.0276,0.066,0.35,1.99
1.16,1.55,15.5,22.2,0.0298,0.125,0.0296,0.0962,0.533,1.49
1.27,1.59,26.2,42.7,0.0333,0.112,0.0418,0.102,0.571,3.74
1.27,1.47,24.9,51.4,0.02,0.164,0.04,0.09,0.175,1.53
1.37,1.97,30.9,49.8,0.0328,0.11,0.0378,0.122,1.37,3.9
2.11,2.33,28.1,38.0,0.0148,0.103,0.0251,0.0652,0.194,2.91
1.37,1.97,30.9,49.8,0.0328,0.11,0.0378,0.122,1.37,3.9
1.54,1.74,22.1,34.5,0.0164,0.118,0.0322,0.0754,0.188,1.61
1.52,1.77,14.8,21.0,0.0167,0.0901,0.0246,0.051,0.0903,1.37
1.21,1.62,20.8,29.5,0.0157,0.115,0.0605,0.315,0.295,1.7
1.59,3.7,21.8,39.7,0.0136,0.11,0.0343,0.0705,0.171,1.64
1.18,1.61,20.2,26.9,0.0128,0.135,0.0366,0.0812,0.252,2.29
1.19,1.61,21.2,29.3,0.0413,0.153,0.0378,0.0821,0.271,1.61
1.07,1.55,8.34,14.3,0.0139,0.0799,0.0308,0.0605,0.105,0.514
1.4,1.6,20.8,34.7,0.0206,0.103,0.0363,0.0657,0.157,1.69
1.38,1.9,17.1,26.0,0.276,0.519,0.0454,0.0909,0.179,1.66
1.63,1.77,39.2,48.2,0.025,0.187,0.0427,0.0826,0.382,3.28
1.37,1.97,30.9,49.8,0.0328,0.11,0.0378,0.122,1.37,3.9
1.6,1.75,22.9,31.2,0.014,0.117,0.0298,0.0625,0.166,1.54
1.37,1.97,30.9,49.8,0.0328,0.11,0.0378,0.122,1.37,3.9
1.6,1.91,31.4,42.2,0.0137,0.13,0.0348,0.0811,0.192,1.25
1.25,1.53,28.6,37.2,0.0214,0.12,0.0393,0.0988,0.476,2.36
1.15,1.44,23.3,37.2,0.0223,0.113,0.0391,0.0723,0.563,2.12
1.2,1.57,35.6,68.8,0.0368,0.2,0.0571,0.269,0.109,1.01
1.42,1.8,22.9,35.0,0.0131,0.14,0.0323,0.0717,0.257,1.81
1.21,1.7,19.7,27.5,0.0183,0.13,0.035,0.094,0.145,1.76
1.35,1.68,14.2,42.5,0.0123,0.109,0.0293,0.0876,0.0279,0.447
1.59,2.17,21.3,30.8,0.0183,0.117,0.0303,0.0708,0.221,1.84
1.23,2.11,20.1,36.2,0.226,0.395,0.0482,0.212,0.121,1.24
1.3,1.56,22.5,34.4,0.0223,0.11,0.0375,0.0766,0.55,2.21
1.37,1.71,24.1,34.0,0.015,0.128,0.0381,0.075,0.27,2.46
1.37,1.97,30.9,49.8,0.0328,0.11,0.0378,0.122,1.37,3.9
1.25,1.56,24.3,34.4,0.0185,0.133,0.0381,0.0996,0.441,4.7
1.2,1.73,31.4,50.0,0.0368,0.197,0.0532,0.124,0.554,3.68
1.2,1.46,17.7,25.6,0.0172,0.124,0.0362,0.0769,0.203,1.43
1.31,1.66,29.9,51.8,0.0164,0.164,0.042,0.138,0.181,1.93
1.13,1.63,27.3,46.5,0.0146,0.135,0.0506,0.11,0.737,6.39
1.23,1.56,23.4,39.0,0.0217,0.129,0.0457,0.114,0.25,2.05
1.49,1.89,20.1,30.8,0.0123,0.132,0.0282,0.0555,0.177,2.1
1.26,1.76,16.9,36.3,0.0265,0.103,0.0436,0.223,0.354,2.13
1.38,2.26,22.3,52.5,0.0349,0.167,0.0503,0.291,0.418,2.0
1.39,1.86,26.4,47.6,0.017,0.142,0.0419,0.103,0.222,1.1
1.5,1.65,22.3,28.1,0.0105,0.116,0.0313,0.0663,0.0861,0.606
1.39,1.99,31.9,55.8,0.02,0.156,0.0464,0.108,0.275,1.27
1.37,1.97,30.9,49.8,0.0328,0.11,0.0378,0.122,1.37,3.9
1.4,3.38,24.8,51.8,0.0222,0.164,0.0448,0.146,0.269,1.49
1.53,1.83,17.6,24.6,0.0172,0.103,0.0289,0.0793,0.406,2.16
1.31,1.64,21.4,34.5,0.0428,0.124,0.0412,0.45,0.746,4.35
1.55,1.79,21.7,29.3,0.0114,0.0893,0.0264,0.0544,0.558,3.08
1.76,2.07,19.5,28.5,0.023,0.143,0.0283,0.0829,0.136,1.14
1.37,1.97,30.9,49.8,0.0328,0.11,0.0378,0.122,1.37,3.9
1.66,3.01,23.7,49.7,0.046,0.107,0.0569,0.349,0.282,3.2
1.68,3.42,28.4,48.5,0.0515,0.118,0.04,0.0789,0.33,2.04
1.47,1.74,26.9,40.9,0.0188,0.126,0.0357,0.0801,0.558,2.5
1.35,1.91,21.0,32.1,0.035,0.138,0.0516,0.218,0.322,2.04
1.37,1.97,30.9,49.8,0.0328,0.11,0.0378,0.122,1.37,3.9
1.55,2.51,22.2,37.1,0.0233,0.11,0.0333,0.0744,0.336,3.29
1.32,1.67,19.9,45.7,0.0104,0.105,0.0335,0.0917,0.0825,0.496
1.25,1.57,22.9,30.1,0.0225,0.131,0.0383,0.0841,0.628,2.71
1.41,1.84,19.4,29.3,0.0187,0.119,0.0358,0.0775,0.126,1.3
1.19,1.63,26.3,40.3,0.0271,0.151,0.0476,0.138,0.265,2.54
1.29,1.51,10.5,18.2,0.0343,0.0973,0.0241,0.0834,0.216,1.83
1.51,2.02,14.1,29.2,0.0893,0.228,0.0263,0.0735,0.835,3.62
1.37,1.89,29.9,42.3,0.0229,0.128,0.0399,0.096,0.459,2.35
1.2,1.47,18.9,31.7,0.0293,0.138,0.0366,0.0855,0.198,1.68
1.2,1.47,18.9,31.7,0.0293,0.138,0.0366,0.0855,0.198,1.68
1.31,1.52,20.8,27.7,0.0141,0.121,0.0356,0.0648,0.175,1.29
1.65,2.2,16.6,24.2,0.0214,0.155,0.0265,0.0636,0.178,1.28
1.07,1.55,8.34,14.3,0.0139,0.0799,0.0308,0.0605,0.105,0.514
1.25,1.6,26.6,48.2,0.0109,0.11,0.112,0.619,0.349,1.71
1.87,2.07,19.8,25.9,0.0124,0.0984,0.0246,0.0576,0.608,3.21
1.23,1.97,20.6,36.6,0.0554,0.14,0.0361,0.0728,0.274,2.79
1.2,1.63,7.07,14.3,0.0197,0.0806,0.0318,0.154,0.241,1.52
1.42,1.8,25.6,34.3,0.0116,0.119,0.0346,0.0737,0.379,2.83
1.61,1.97,27.8,35.7,0.0125,0.15,0.0333,0.0731,0.194,1.45
1.18,1.51,17.2,24.7,0.0157,0.109,0.0351,0.0745,0.36,2.52
1.5,2.1,25.7,47.0,0.0184,0.125,0.0403,0.0986,0.275,1.1
1.59,2.25,13.5,25.5,0.0195,0.0826,0.025,0.0592,0.187,1.3
1.39,1.66,23.8,39.2,0.0207,0.129,0.0358,0.08,0.264,1.74
1.28,1.66,19.5,28.7,0.0119,0.118,0.0359,0.0868,0.218,2.29
1.37,1.97,30.9,49.8,0.0328,0.11,0.0378,0.122,1.37,3.9
1.41,1.87,15.7,24.5,0.0127,0.142,0.0299,0.0704,0.35,2.95
1.63,1.78,28.9,50.2,0.0126,0.162,0.0354,0.0797,0.0954,0.719
1.67,1.82,27.4,39.4,0.0102,0.117,0.0348,0.0768,0.158,1.72
1.14,1.58,21.4,34.1,0.0217,0.164,0.0422,0.107,0.573,3.18
1.21,1.63,17.8,30.6,0.00997,0.109,0.0316,0.062,0.259,1.57
1.87,2.43,18.9,23.9,0.00808,0.0988,0.0253,0.0488,0.135,1.17
1.37,1.97,30.9,49.8,0.0328,0.11,0.0378,0.122,1.37,3.9
1.29,1.65,17.9,27.2,0.00949,0.11,0.0312,0.061,0.0839,0.483
2.53,3.27,10.9,16.7,0.00725,0.082,0.0597,0.117,0.22,0.846
1.63,2.45,9.84,13.8,0.00919,0.0718,0.0206,0.0431,0.215,1.21
1.24,1.48,31.2,50.0,0.0125,0.137,0.0415,0.0768,0.599,6.79
1.17,2.32,22.3,42.4,0.0116,0.116,0.0533,0.228,0.389,4.25
1.43,2.35,24.1,42.4,0.0126,0.12,0.033,0.0827,0.314,4.18
1.41,1.74,30.8,39.0,0.0191,0.146,0.0401,0.0827,0.316,1.48
1.56,2.85,32.6,52.3,0.0265,0.106,0.0433,0.0986,0.461,2.36
1.33,1.79,21.8,34.6,0.0128,0.13,0.0324,0.0961,0.287,1.83
1.19,1.52,23.2,32.7,0.0133,0.14,0.0447,0.108,0.152,1.72
1.42,2.0,16.3,29.3,0.162,0.407,0.0283,0.194,0.373,2.42
1.83,1.99,19.4,27.3,0.0135,0.0893,0.0398,0.0942,0.547,3.05
1.37,1.97,30.9,49.8,0.0328,0.11,0.0378,0.122,1.37,3.9
1.76,2.1,25.2,36.3,0.0345,0.137,0.0313,0.0948,0.287,1.77
1.36,1.66,25.8,35.2,0.0124,0.134,0.0375,0.0992,0.41,4.69
1.3,1.74,17.4,36.3,0.108,0.395,0.0429,0.223,0.355,2.11
1.92,2.27,21.4,32.7,0.0213,0.149,0.0293,0.07,0.117,1.04
1.7,2.11,36.9,52.9,0.0188,0.141,0.0432,0.106,0.261,1.64
1.52,1.93,33.9,44.9,0.018,0.112,0.0381,0.0783,0.433,2.33
1.25,1.62,26.0,42.8,0.0333,0.104,0.0411,0.107,0.582,3.7
1.26,1.62,31.1,51.9,0.0279,0.113,0.0441,0.121,0.514,3.69
1.4,1.58,27.0,34.3,0.0201,0.15,0.0374,0.0886,0.201,1.62
1.39,1.98,26.4,33.9,0.0217,0.148,0.0383,0.0905,0.228,1.72
1.31,1.6,25.1,32.1,0.0222,0.149,0.0391,0.0902,0.236,1.74
1.44,1.75,20.9,34.4,0.231,0.371,0.0364,0.0954,0.249,1.71
1.15,1.55,29.5,57.0,0.0338,0.174,0.0534,0.265,0.461,2.52
1.54,1.85,15.7,20.7,0.0169,0.0938,0.0266,0.0622,0.182,1.16
1.91,3.19,39.7,70.7,0.0394,0.146,0.0382,0.0948,0.695,3.32
1.38,1.66,32.0,41.1,0.0167,0.159,0.0398,0.0775,0.203,1.81
1.36,1.71,18.4,27.1,0.0237,0.0975,0.034,0.0994,0.226,1.58
1.37,1.97,30.9,49.8,0.0328,0.11,0.0378,0.122,1.37,3.9
1.46,2.08,30.7,38.1,0.0171,0.151,0.0782,0.145,0.166,1.61
1.46,1.84,20.8,34.4,0.0274,0.0994,0.0333,0.0981,0.293,1.74
1.83,2.39,32.5,40.3,0.0119,0.133,0.0328,0.0723,0.368,4.43
1.56,1.92,13.8,19.3,0.00861,0.0766,0.0283,0.069,0.155,1.02
1.53,1.89,15.5,20.0,0.00844,0.102,0.0273,0.0555,0.107,0.842
1.7,2.17,20.4,32.8,0.00959,0.106,0.0285,0.0606,0.106,1.88
1.96,2.46,22.7,32.2,0.0207,0.138,0.0282,0.0884,0.186,1.2
1.23,1.43,17.5,50.1,0.0136,0.0836,0.0386,0.259,0.403,3.13
1.26,1.88,23.5,35.0,0.0214,0.186,0.0428,0.146,0.268,1.49
1.56,1.71,27.2,36.4,0.0186,0.123,0.0334,0.0673,0.372,2.04
1.37,1.97,30.9,49.8,0.0328,0.11,0.0378,0.122,1.37,3.9
1.33,1.44,29.5,34.0,0.0108,0.122,0.0894,0.179,0.372,0.902
1.23,1.73,19.3,32.9,0.0345,0.138,0.0362,0.0854,0.269,1.77
1.41,2.3,24.0,46.4,0.0153,0.123,0.0391,0.256,0.196,1.15
1.23,1.95,14.2,32.6,0.0157,0.13,0.0304,0.0733,0.304,2.18
1.26,1.73,19.6,36.3,0.0457,0.141,0.0345,0.0813,0.444,3.39
1.37,1.97,30.9,49.8,0.0328,0.11,0.0378,0.122,1.37,3.9
1.29,1.95,17.8,25.5,0.0182,0.123,0.0349,0.0714,0.239,1.54
1.23,1.56,26.2,40.4,0.0441,0.187,0.0438,0.102,0.643,4.04
1.41,1.82,27.1,36.6,0.0163,0.165,0.0386,0.0897,0.163,1.11
1.19,1.39,20.0,25.2,0.00968,0.108,0.0359,0.0738,0.181,1.87
1.69,2.06,30.4,43.9,0.0141,0.116,0.0374,0.0913,0.32,1.54
1.28,1.67,30.9,42.5,0.0132,0.164,0.0394,0.0903,0.372,2.61
1.18,1.69,24.8,39.6,0.048,0.187,0.0433,0.103,0.731,4.12
1.5,1.97,23.4,37.6,0.0226,0.121,0.0383,0.0755,0.0823,1.14
1.41,2.03,25.0,53.1,0.0723,0.158,0.0364,0.079,0.192,1.79
1.17,1.48,19.5,34.8,0.0196,0.129,0.0371,0.0728,0.139,1.19
1.26,1.66,19.9,29.7,0.0212,0.125,0.0347,0.075,0.22,1.9
1.26,1.7,23.0,32.7,0.0113,0.111,0.0372,0.09,0.434,2.14
1.45,1.63,24.4,31.1,0.011,0.128,0.0348,0.0908,0.119,1.64
1.39,1.56,23.0,36.8,0.016,0.135,0.0356,0.0688,0.0969,1.0
1.28,1.7,23.8,39.8,0.0196,0.111,0.037,0.0891,0.49,2.99
1.22,1.79,14.7,22.8,0.0123,0.105,0.03,0.0644,0.206,1.35
1.37,1.97,30.9,49.8,0.0328,0.11,0.0378,0.122,1.37,3.9
1.27,1.57,22.4,33.8,0.0247,0.129,0.0358,0.0902,0.433,2.24
1.31,1.69,24.8,33.4,0.027,0.135,0.0381,0.0896,0.394,2.04
1.36,1.72,23.2,39.2,0.0625,0.173,0.039,0.083,0.163,1.58
2.11,2.42,34.3,45.6,0.0119,0.133,0.0317,0.0639,0.347,4.35
2.33,2.56,28.8,40.0,0.0232,0.105,0.0249,0.0547,0.191,1.34
1.47,1.64,25.5,35.9,0.021,0.109,0.0394,0.0897,0.181,3.03
1.24,2.22,22.8,38.0,0.0313,0.144,0.0425,0.107,0.549,3.17
1.37,1.97,30.9,49.8,0.0328,0.11,0.0378,0.122,1.37,3.9
1.7,2.01,30.1,39.4,0.0185,0.114,0.0353,0.0682,0.23,1.08
1.32,1.56,22.1,30.1,0.0125,0.136,0.0331,0.0684,0.0829,0.731
1.2,1.62,35.8,43.2,0.0189,0.162,0.0457,0.0934,0.0771,1.65
1.38,2.13,18.2,30.2,0.0348,0.11,0.0329,0.207,0.302,2.18
1.37,1.97,30.9,49.8,0.0328,0.11,0.0378,0.122,1.37,3.9
1.61,2.08,21.6,32.9,0.0487,0.139,0.0325,0.391,0.813,4.35
1.22,1.41,22.7,38.8,0.0157,0.119,0.0458,0.182,0.466,1.88
1.51,1.85,20.4,29.2,0.0162,0.0956,0.0294,0.0907,0.463,2.96
1.37,1.97,30.9,49.8,0.0328,0.11,0.0378,0.122,1.37,3.9
1.24,1.5,30.2,49.7,0.0219,0.226,0.0399,0.0959,0.337,1.77
1.84,2.6,11.7,16.4,0.00841,0.0967,0.0242,0.0506,0.197,0.749
1.35,2.08,26.2,37.0,0.012,0.13,0.036,0.1,0.529,2.19
1.59,1.88,28.2,38.3,0.0144,0.125,0.0393,0.0749,0.331,1.9
1.25,1.46,33.8,52.3,0.024,0.171,0.0479,0.0991,0.352,3.17
1.67,1.99,24.8,35.9,0.0156,0.136,0.0355,0.0753,0.0688,0.816
1.37,1.97,30.9,49.8,0.0328,0.11,0.0378,0.122,1.37,3.9
1.32,1.68,30.8,59.9,0.0139,0.138,0.0418,0.0827,0.48,2.84
1.29,1.61,23.6,34.1,0.011,0.141,0.037,0.0889,0.107,1.14
1.72,2.62,23.4,37.1,0.0264,0.106,0.0314,0.0763,0.742,2.21
1.24,1.65,26.9,42.9,0.0399,0.178,0.0433,0.0953,0.626,3.82
1.23,1.47,23.1,42.9,0.0187,0.158,0.0382,0.0853,0.117,1.17
1.52,2.0,27.5,45.3,0.024,0.124,0.0397,0.0784,0.048,0.807
1.26,1.7,23.0,32.7,0.0113,0.111,0.0372,0.09,0.434,2.14
1.2,1.65,23.8,41.7,0.0409,0.113,0.0421,0.12,0.656,3.88
1.37,1.97,30.9,49.8,0.0328,0.11,0.0378,0.122,1.37,3.9
1.23,1.74,15.0,25.8,0.0226,0.108,0.0309,0.0735,0.21,1.55
1.37,1.97,30.9,49.8,0.0328,0.11,0.0378,0.122,1.37,3.9
1.81,2.32,27.3,47.7,0.164,0.495,0.0305,0.0664,0.519,2.02
1.13,1.47,18.8,28.7,0.0315,0.119,0.0345,0.115,0.346,2.28
1.93,2.39,34.1,51.9,0.0186,0.157,0.0355,0.11,0.0797,0.791
1.65,1.83,22.4,34.0,0.0266,0.131,0.0306,0.0976,0.45,2.21
1.24,1.66,21.9,32.6,0.0836,0.122,0.0379,0.111,0.369,1.43
1.49,1.84,20.8,33.4,0.0301,0.13,0.0363,0.0987,0.521,2.35
1.35,1.66,32.2,44.8,0.0195,0.148,0.0403,0.0787,0.376,2.61
1.08,1.44,38.4,63.3,0.0258,0.193,0.0868,0.485,0.504,8.03
1.54,1.9,28.0,64.0,0.0181,0.146,0.0352,0.128,0.167,1.36
2.02,2.23,20.2,28.1,0.00907,0.0981,0.0261,0.0628,0.0645,0.66
1.75,1.9,22.5,29.7,0.013,0.127,0.0313,0.0581,0.0898,0.966
1.27,1.7,16.2,38.2,0.0268,0.147,0.0317,0.0862,0.195,1.5
1.43,2.33,28.3,48.8,0.0311,0.131,0.0372,0.0931,0.546,2.22
1.26,1.46,36.8,47.5,0.0167,0.142,0.0417,0.0903,0.68,4.19
1.41,1.98,27.8,36.6,0.0201,0.151,0.0378,0.0816,0.205,1.6
1.29,1.65,16.1,20.5,0.0182,0.118,0.0316,0.067,0.107,0.764
2.03,2.7,21.5,35.0,0.0259,0.146,0.0284,0.085,0.144,1.26
1.85,2.2,24.0,37.7,0.0203,0.101,0.0299,0.0716,0.135,1.59
1.49,1.62,40.1,46.1,0.0155,0.162,0.042,0.0907,0.201,1.8
1.24,1.48,20.8,27.7,0.00951,0.105,0.0347,0.069,0.171,1.82
1.23,1.64,23.3,32.7,0.0131,0.124,0.0379,0.0692,0.284,2.52
1.37,1.97,30.9,49.8,0.0328,0.11,0.0378,0.122,1.37,3.9
2.01,2.73,20.0,48.0,0.0715,0.304,0.0305,0.11,0.261,2.98
1.66,2.17,19.0,28.4,0.027,0.115,0.0364,0.0908,0.12,1.06
1.37,1.97,30.9,49.8,0.0328,0.11,0.0378,0.122,1.37,3.9
1.87,2.19,34.9,43.1,0.0187,0.122,0.0328,0.0725,0.389,2.14
1.18,1.7,13.4,23.1,0.023,0.153,0.0288,0.0648,0.171,1.76
1.58,2.05,18.5,36.5,0.0187,0.102,0.0395,0.225,0.3,1.92
1.64,2.13,13.8,22.3,0.0423,0.121,0.0262,0.0746,0.212,1.78
1.3,1.44,15.4,20.7,0.00914,0.121,0.0299,0.0623,0.0625,0.439
1.17,1.79,20.5,24.4,0.0126,0.138,0.0379,0.0783,0.203,1.47
1.66,2.09,18.4,24.3,0.0109,0.115,0.0268,0.0695,0.0522,0.954
1.38,1.92,23.8,60.4,0.0195,0.117,0.0394,0.126,0.654,2.54
1.25,1.49,14.5,21.2,0.0165,0.122,0.0286,0.0803,0.525,2.1
1.62,2.25,23.9,52.6,0.014,0.169,0.0479,0.298,0.321,1.85
1.14,1.37,34.9,57.3,0.0197,0.164,0.0427,0.0903,0.968,5.74
1.81,2.32,18.5,28.4,0.026,0.14,0.029,0.0889,0.187,1.25
1.57,1.99,18.2,39.4,0.0235,0.122,0.0279,0.0728,0.198,1.32
1.1,1.69,6.57,15.0,0.0145,0.0791,0.0266,0.0691,0.137,1.55
1.24,1.55,21.5,35.1,0.0188,0.0891,0.0408,0.0992,0.248,1.79
1.24,1.55,24.0,34.4,0.0125,0.133,0.038,0.0997,0.419,4.7
1.69,2.16,20.6,31.5,0.0127,0.0847,0.0333,0.104,0.261,1.89
1.72,2.39,21.5,29.1,0.013,0.115,0.0283,0.0846,0.26,1.92
1.89,2.36,8.57,11.3,0.0126,0.0778,0.0143,0.0298,0.0343,0.704
1.62,1.83,12.9,20.9,0.00889,0.0854,0.0279,0.0931,0.0954,0.667
1.5,1.72,24.1,31.7,0.01,0.125,0.0344,0.0663,0.146,0.767
1.59,2.02,16.5,21.1,0.0164,0.0778,0.0241,0.054,0.169,1.4
1.36,1.87,28.9,44.0,0.0344,0.147,0.039,0.0802,0.541,2.8
